order_id,customer_id,order_date
1,394,2024-01-27
2,370,2024-11-21
3,49,2024-02-05
4,46,2023-02-15
5,72,2024-08-14
6,258,2023-04-02
7,354,2024-12-14
8,392,2023-08-30
9,182,2023-01-02
10,283,2024-08-11
11,39,2023-04-13
12,67,2023-03-31
13,350,2023-05-23
14,106,2024-03-03
15,49,2023-11-13
16,359,2023-01-09
17,465,2023-12-25
18,317,2024-07-06
19,360,2023-09-21
20,469,2023-11-14
21,395,2023-04-21
22,409,2023-01-07
23,335,2023-07-27
24,289,2023-11-10
25,395,2024-05-29
26,24,2024-11-30
27,374,2023-01-12
28,141,2024-06-20
29,436,2023-05-02
30,182,2023-12-22
31,378,2024-09-22
32,241,2023-10-15
33,270,2024-08-16
34,14,2024-12-23
35,126,2023-12-18
36,285,2023-02-28
37,333,2024-12-14
38,231,2024-03-20
39,36,2023-07-26
40,146,2023-11-28
41,89,2024-12-25
42,372,2023-01-24
43,240,2024-05-30
44,375,2024-01-17
45,491,2023-06-01
46,286,2024-08-30
47,308,2023-09-07
48,371,2024-05-26
49,315,2023-12-01
50,449,2023-10-22
51,156,2024-01-06
52,160,2024-09-28
53,116,2023-08-25
54,252,2023-01-21
55,374,2024-06-03
56,231,2024-04-22
57,94,2024-06-09
58,479,2024-01-10
59,234,2024-07-06
60,141,2024-01-16
61,246,2024-05-18
62,304,2023-03-25
63,311,2023-05-25
64,225,2023-01-28
65,146,2023-08-17
66,7,2024-03-24
67,389,2024-11-06
68,478,2023-10-30
69,134,2023-01-10
70,36,2023-09-27
71,184,2024-08-27
72,190,2023-12-27
73,240,2023-10-03
74,308,2024-05-27
75,145,2023-10-11
76,22,2024-11-17
77,336,2023-06-14
78,395,2024-09-23
79,407,2023-06-05
80,432,2024-09-11
81,285,2023-11-30
82,29,2024-05-25
83,131,2023-10-09
84,24,2023-04-29
85,124,2024-04-29
86,465,2023-06-10
87,274,2023-07-25
88,350,2023-10-03
89,490,2023-08-04
90,350,2023-05-06
91,470,2023-11-02
92,479,2023-02-08
93,251,2024-05-09
94,281,2024-03-03
95,283,2023-05-31
96,18,2023-11-04
97,357,2024-01-10
98,80,2023-12-07
99,42,2024-10-30
100,244,2024-05-31
101,474,2023-06-24
102,351,2023-11-07
103,484,2024-03-02
104,349,2023-04-24
105,139,2024-06-21
106,434,2024-08-10
107,54,2023-12-11
108,350,2023-01-01
109,120,2024-10-15
110,227,2023-03-10
111,303,2023-08-08
112,78,2024-12-04
113,26,2024-08-07
114,434,2023-03-30
115,435,2024-08-07
116,42,2023-06-08
117,376,2023-11-20
118,333,2023-04-12
119,182,2024-09-05
120,243,2024-04-26
121,386,2023-10-06
122,241,2023-11-27
123,218,2024-03-30
124,6,2024-10-16
125,327,2024-12-11
126,293,2024-08-27
127,247,2023-11-01
128,288,2023-10-18
129,126,2023-09-24
130,313,2024-09-13
131,331,2023-01-03
132,285,2023-11-24
133,281,2024-03-29
134,454,2023-08-09
135,194,2023-01-12
136,76,2023-10-31
137,305,2023-10-27
138,255,2023-02-12
139,386,2023-11-22
140,379,2023-12-30
141,471,2023-01-21
142,102,2023-12-02
143,332,2023-05-04
144,471,2024-12-15
145,219,2023-11-20
146,465,2024-04-14
147,101,2023-11-30
148,260,2024-01-08
149,161,2024-06-22
150,460,2023-06-05
151,284,2023-05-24
152,40,2024-10-31
153,366,2024-08-11
154,234,2023-12-11
155,281,2023-09-20
156,347,2024-08-08
157,403,2023-06-08
158,360,2023-11-08
159,400,2024-03-20
160,146,2023-02-05
161,240,2024-01-20
162,215,2024-11-15
163,328,2023-05-21
164,313,2023-04-28
165,279,2023-08-08
166,126,2024-06-04
167,332,2024-01-13
168,207,2024-11-12
169,449,2024-12-20
170,290,2023-10-20
171,169,2024-10-25
172,412,2023-03-01
173,342,2023-05-26
174,387,2024-03-14
175,308,2024-11-17
176,134,2023-04-18
177,429,2024-09-22
178,283,2024-10-23
179,15,2024-10-16
180,129,2024-03-30
181,288,2024-10-11
182,146,2023-03-18
183,312,2023-09-11
184,72,2023-11-16
185,70,2024-08-19
186,344,2024-07-07
187,240,2023-06-16
188,370,2024-04-03
189,496,2024-11-30
190,411,2024-08-02
191,370,2024-07-07
192,451,2024-09-12
193,39,2023-12-19
194,312,2023-03-14
195,180,2023-03-11
196,201,2024-12-08
197,244,2024-10-03
198,339,2024-03-03
199,133,2023-05-29
200,151,2024-12-12
201,333,2024-01-16
202,251,2023-12-08
203,339,2024-12-27
204,218,2024-09-05
205,290,2023-12-20
206,246,2023-04-26
207,31,2024-03-17
208,472,2024-04-21
209,350,2023-11-07
210,283,2024-03-21
211,240,2023-02-24
212,382,2024-10-18
213,168,2024-10-09
214,400,2024-10-17
215,220,2023-10-06
216,228,2023-04-14
217,14,2023-09-05
218,285,2024-09-24
219,342,2023-03-25
220,320,2024-03-31
221,382,2023-06-10
222,317,2024-04-04
223,395,2024-05-23
224,22,2024-04-25
225,126,2024-07-31
226,219,2024-03-24
227,171,2023-06-29
228,157,2024-10-27
229,313,2023-11-07
230,80,2024-02-10
231,270,2023-12-08
232,295,2023-09-01
233,115,2023-08-27
234,227,2024-11-08
235,411,2023-06-07
236,438,2024-10-31
237,369,2023-03-08
238,400,2024-06-09
239,39,2024-02-09
240,15,2023-05-10
241,123,2023-07-25
242,480,2023-09-23
243,412,2023-09-10
244,429,2023-06-13
245,315,2023-04-20
246,449,2023-08-26
247,90,2024-04-27
248,227,2023-01-25
249,337,2024-04-26
250,35,2024-06-20
251,132,2023-06-22
252,289,2023-05-08
253,241,2024-10-14
254,465,2024-06-15
255,244,2024-03-22
256,331,2023-02-12
257,319,2023-03-01
258,210,2023-10-14
259,32,2024-04-11
260,99,2023-12-11
261,29,2024-11-20
262,29,2023-02-25
263,166,2023-03-24
264,87,2023-05-29
265,59,2023-07-09
266,149,2023-09-20
267,351,2024-08-31
268,277,2024-09-06
269,126,2023-04-11
270,317,2023-08-09
271,320,2023-05-04
272,425,2024-11-20
273,66,2024-09-19
274,231,2024-04-27
275,213,2023-04-02
276,258,2024-03-30
277,375,2024-08-20
278,474,2023-07-02
279,235,2024-02-09
280,14,2024-08-13
281,306,2024-04-15
282,70,2024-02-27
283,319,2023-01-13
284,8,2023-08-30
285,326,2024-11-23
286,404,2023-06-22
287,25,2024-04-09
288,53,2024-11-30
289,332,2023-11-04
290,150,2024-09-20
291,264,2024-12-08
292,432,2024-09-15
293,376,2023-08-15
294,218,2024-03-11
295,427,2024-07-07
296,396,2024-02-01
297,68,2023-07-11
298,399,2024-01-28
299,467,2023-05-10
300,243,2023-01-29
301,157,2023-08-30
302,24,2023-08-20
303,252,2024-12-15
304,269,2024-12-26
305,330,2023-03-20
306,442,2023-06-22
307,76,2024-02-20
308,492,2023-03-28
309,346,2023-07-19
310,39,2023-02-12
311,333,2024-03-10
312,35,2024-10-25
313,21,2023-05-28
314,376,2024-01-01
315,497,2024-03-11
316,392,2024-01-26
317,395,2024-07-16
318,89,2023-09-18
319,289,2023-12-18
320,35,2023-05-18
321,14,2024-01-03
322,477,2023-08-11
323,395,2023-12-26
324,321,2024-04-07
325,113,2024-07-14
326,146,2024-08-12
327,35,2023-08-05
328,283,2023-07-09
329,447,2023-05-29
330,64,2024-05-02
331,54,2024-11-23
332,457,2023-10-15
333,318,2023-08-14
334,65,2023-09-30
335,459,2023-07-02
336,43,2024-05-02
337,241,2023-05-04
338,225,2024-09-17
339,467,2024-02-18
340,459,2023-06-21
341,105,2024-11-16
342,9,2023-05-02
343,409,2024-09-22
344,438,2023-08-21
345,287,2023-05-29
346,382,2024-10-22
347,483,2023-10-29
348,372,2024-10-08
349,94,2023-07-22
350,178,2024-10-23
351,490,2024-06-17
352,284,2024-04-10
353,51,2023-08-01
354,371,2023-10-10
355,477,2024-04-07
356,273,2023-03-29
357,195,2023-10-05
358,285,2024-12-01
359,378,2024-05-29
360,166,2023-01-19
361,76,2023-01-30
362,438,2024-01-02
363,438,2023-08-17
364,79,2023-12-28
365,290,2024-08-06
366,141,2023-09-18
367,438,2023-04-14
368,101,2024-05-05
369,176,2024-02-09
370,374,2023-08-19
371,317,2023-03-07
372,201,2023-01-13
373,283,2024-08-20
374,425,2023-11-10
375,21,2023-07-28
376,8,2024-09-24
377,472,2024-01-12
378,346,2023-03-11
379,438,2023-04-11
380,64,2024-09-14
381,247,2023-01-20
382,394,2023-08-15
383,72,2024-04-13
384,3,2024-02-09
385,18,2023-07-07
386,400,2023-01-20
387,231,2024-08-05
388,257,2024-06-09
389,369,2023-12-02
390,125,2024-05-14
391,291,2024-06-19
392,346,2024-08-16
393,313,2023-07-07
394,414,2023-11-15
395,37,2024-02-10
396,351,2023-03-17
397,396,2023-04-27
398,400,2024-12-04
399,281,2024-11-15
400,76,2023-07-02
401,375,2024-04-25
402,40,2024-09-19
403,33,2024-04-20
404,375,2023-04-28
405,331,2024-02-05
406,330,2024-10-21
407,396,2024-02-03
408,233,2023-03-19
409,379,2023-05-17
410,470,2024-05-19
411,294,2023-05-18
412,188,2024-09-10
413,15,2023-09-11
414,308,2024-12-10
415,281,2024-07-16
416,467,2024-03-01
417,426,2024-08-03
418,424,2023-02-18
419,241,2024-12-04
420,258,2024-08-04
421,327,2024-09-29
422,372,2024-10-02
423,394,2024-09-03
424,386,2023-07-01
425,125,2023-12-30
426,70,2024-06-26
427,457,2024-07-01
428,9,2024-02-12
429,29,2024-02-18
430,22,2023-06-12
431,153,2023-09-27
432,143,2024-02-04
433,384,2024-09-09
434,425,2024-08-04
435,34,2023-08-16
436,20,2024-08-18
437,319,2024-03-16
438,197,2024-11-20
439,233,2024-06-02
440,40,2024-02-03
441,14,2023-07-22
442,474,2024-10-16
443,438,2024-03-01
444,414,2023-05-22
445,374,2023-11-10
446,484,2024-08-03
447,333,2024-12-30
448,98,2023-11-01
449,252,2024-01-19
450,477,2024-03-20
451,54,2023-06-27
452,368,2024-05-04
453,40,2024-08-20
454,291,2024-08-15
455,486,2024-07-26
456,427,2023-02-12
457,35,2024-08-20
458,289,2024-09-01
459,39,2023-07-17
460,425,2024-05-31
461,468,2023-04-22
462,120,2023-04-08
463,429,2024-03-10
464,333,2023-03-27
465,161,2023-10-21
466,407,2024-10-11
467,483,2023-08-31
468,398,2023-02-01
469,147,2024-06-15
470,288,2023-03-09
471,382,2023-08-02
472,14,2023-08-01
473,333,2024-09-19
474,435,2024-01-16
475,248,2023-02-27
476,380,2024-03-22
477,290,2023-09-11
478,195,2023-02-13
479,283,2023-08-15
480,49,2024-03-11
481,249,2024-01-14
482,219,2024-12-09
483,477,2024-05-18
484,98,2023-01-08
485,161,2024-04-20
486,383,2024-04-29
487,330,2024-07-20
488,331,2023-08-26
489,283,2024-07-07
490,247,2024-03-29
491,400,2024-01-22
492,208,2023-10-10
493,156,2023-02-09
494,274,2023-08-08
495,109,2024-06-03
496,446,2024-11-18
497,76,2023-09-17
498,402,2024-01-01
499,39,2024-06-27
500,57,2023-01-16
501,492,2023-04-19
502,490,2024-06-16
503,371,2023-06-11
504,82,2023-04-12
505,485,2024-07-24
506,80,2024-06-20
507,42,2023-07-15
508,368,2024-10-27
509,39,2024-10-06
510,479,2024-04-20
511,426,2024-01-07
512,457,2024-10-07
513,363,2024-01-12
514,253,2023-12-30
515,251,2024-12-25
516,146,2023-05-11
517,438,2023-10-04
518,54,2023-08-06
519,45,2024-11-05
520,72,2023-02-10
521,377,2023-12-04
522,380,2023-10-06
523,319,2024-10-23
524,376,2024-09-11
525,253,2023-10-16
526,65,2023-09-29
527,49,2024-04-27
528,350,2023-06-05
529,349,2024-03-29
530,426,2023-05-04
531,497,2024-10-01
532,331,2024-05-30
533,434,2023-05-23
534,119,2023-08-15
535,386,2023-10-29
536,384,2024-04-04
537,132,2024-01-28
538,400,2023-07-26
539,147,2024-10-07
540,340,2024-02-11
541,86,2023-12-20
542,247,2024-07-03
543,126,2024-05-15
544,288,2024-06-30
545,234,2024-05-21
546,240,2023-10-08
547,238,2023-09-27
548,457,2024-12-27
549,65,2023-03-24
550,479,2024-03-01
551,353,2023-10-11
552,14,2023-11-23
553,319,2023-03-14
554,171,2024-01-10
555,283,2024-02-02
556,121,2024-03-12
557,285,2024-04-09
558,136,2023-11-16
559,296,2023-03-30
560,413,2023-11-30
561,378,2024-12-08
562,34,2024-05-28
563,339,2024-09-13
564,194,2024-09-23
565,97,2024-11-25
566,283,2023-03-03
567,400,2024-10-31
568,240,2024-07-29
569,400,2024-04-13
570,281,2023-11-21
571,145,2024-11-14
572,54,2023-07-20
573,452,2023-11-20
574,434,2024-04-26
575,438,2023-03-06
576,16,2023-12-09
577,240,2023-11-28
578,452,2023-06-23
579,391,2024-10-20
580,443,2024-08-27
581,87,2024-06-16
582,327,2024-05-19
583,354,2023-05-12
584,346,2023-12-14
585,49,2024-02-10
586,399,2024-08-01
587,333,2023-07-13
588,152,2023-12-13
589,378,2024-08-06
590,330,2023-09-19
591,443,2024-12-22
592,207,2023-09-19
593,25,2024-10-09
594,135,2023-12-28
595,479,2023-04-03
596,254,2024-02-28
597,253,2024-03-07
598,160,2024-11-19
599,280,2023-02-18
600,6,2023-07-09
601,418,2024-02-08
602,52,2024-08-24
603,252,2024-12-04
604,279,2023-12-29
605,25,2023-08-21
606,227,2024-07-02
607,161,2024-06-12
608,54,2024-07-24
609,274,2023-02-10
610,18,2024-12-04
611,354,2024-10-20
612,247,2023-05-07
613,153,2023-01-01
614,225,2023-01-19
615,233,2024-03-31
616,341,2023-04-19
617,317,2023-08-28
618,166,2024-08-24
619,471,2023-09-07
620,369,2023-06-02
621,330,2023-12-09
622,367,2024-03-06
623,31,2024-11-17
624,436,2024-10-19
625,54,2024-11-03
626,251,2024-08-16
627,42,2024-02-16
628,289,2023-04-23
629,35,2024-01-13
630,179,2023-02-10
631,467,2023-04-15
632,332,2023-09-23
633,273,2024-07-16
634,454,2024-01-12
635,76,2023-03-25
636,330,2024-09-20
637,449,2024-11-08
638,414,2023-12-16
639,72,2023-03-22
640,351,2023-09-25
641,166,2023-11-07
642,303,2023-12-23
643,62,2023-02-18
644,120,2023-10-06
645,410,2023-10-21
646,425,2024-03-13
647,426,2024-02-24
648,343,2024-01-10
649,286,2024-09-25
650,309,2023-12-30
651,402,2024-03-26
652,247,2023-06-21
653,457,2023-03-04
654,43,2023-03-16
655,306,2023-04-28
656,359,2024-11-09
657,277,2024-10-29
658,240,2023-07-15
659,25,2023-07-12
660,469,2024-10-30
661,280,2024-02-23
662,194,2024-04-23
663,400,2024-01-30
664,176,2024-07-29
665,315,2024-11-18
666,121,2023-07-23
667,291,2023-01-31
668,350,2024-03-09
669,260,2024-01-11
670,483,2024-08-01
671,474,2024-10-27
672,24,2023-12-29
673,225,2023-08-22
674,227,2023-09-19
675,382,2023-09-02
676,161,2024-04-29
677,418,2024-07-02
678,472,2023-02-04
679,442,2024-12-08
680,499,2023-07-20
681,490,2023-03-18
682,316,2024-09-29
683,225,2023-04-19
684,478,2023-10-05
685,285,2023-06-14
686,256,2024-11-04
687,84,2024-01-14
688,422,2024-07-07
689,414,2023-04-19
690,101,2024-05-11
691,274,2024-01-18
692,151,2023-10-27
693,415,2024-05-13
694,82,2023-10-07
695,500,2023-04-21
696,410,2024-03-10
697,395,2023-04-09
698,438,2023-04-14
699,182,2024-10-25
700,319,2023-06-14
701,374,2024-06-03
702,24,2024-10-18
703,363,2024-10-20
704,67,2023-04-01
705,452,2023-09-24
706,200,2024-07-12
707,435,2024-10-22
708,378,2024-05-01
709,64,2023-07-03
710,155,2024-07-11
711,21,2024-08-04
712,76,2023-05-27
713,279,2024-09-11
714,258,2024-08-04
715,308,2023-08-16
716,161,2024-02-21
717,292,2024-02-11
718,222,2024-12-15
719,457,2024-05-13
720,303,2024-11-21
721,446,2023-03-23
722,244,2024-11-17
723,386,2023-12-31
724,255,2024-05-25
725,53,2023-04-26
726,3,2023-12-03
727,425,2023-05-27
728,176,2023-11-19
729,247,2023-01-13
730,479,2024-12-01
731,459,2024-12-20
732,386,2023-01-22
733,350,2024-11-13
734,436,2023-11-16
735,166,2023-07-23
736,405,2024-10-25
737,374,2023-10-13
738,472,2023-10-30
739,496,2024-01-05
740,346,2023-04-23
741,41,2024-06-25
742,9,2023-03-06
743,195,2024-07-02
744,377,2024-07-02
745,6,2024-10-09
746,387,2023-05-08
747,408,2023-09-14
748,425,2023-07-13
749,49,2024-06-18
750,262,2024-01-19
751,350,2023-12-24
752,172,2024-08-06
753,54,2023-07-07
754,303,2023-10-17
755,6,2023-03-24
756,281,2024-06-11
757,349,2024-10-18
758,272,2024-01-15
759,359,2023-07-07
760,74,2024-04-18
761,231,2023-04-21
762,118,2023-10-17
763,160,2023-08-03
764,459,2024-07-20
765,452,2023-08-19
766,255,2023-11-17
767,289,2024-10-31
768,484,2024-06-16
769,120,2023-11-09
770,384,2023-01-31
771,442,2023-01-23
772,434,2023-03-15
773,308,2024-03-31
774,290,2024-10-21
775,349,2023-01-14
776,252,2023-02-22
777,405,2023-01-22
778,293,2023-09-17
779,72,2024-04-15
780,369,2023-01-12
781,270,2023-10-17
782,68,2023-12-20
783,369,2024-12-16
784,231,2024-03-16
785,1,2023-06-03
786,365,2024-12-26
787,359,2023-12-09
788,307,2024-01-25
789,141,2023-06-06
790,463,2024-09-24
791,205,2024-10-20
792,294,2024-11-04
793,176,2024-09-03
794,452,2023-05-21
795,239,2023-07-17
796,218,2024-11-21
797,40,2024-11-28
798,25,2024-12-29
799,357,2023-06-24
800,82,2023-08-23
801,337,2024-06-19
802,384,2024-03-27
803,354,2024-08-28
804,151,2024-12-23
805,331,2023-04-11
806,270,2024-06-23
807,433,2023-12-21
808,251,2024-10-19
809,330,2023-08-15
810,213,2024-03-30
811,387,2023-07-29
812,290,2023-04-10
813,425,2024-06-11
814,214,2023-06-15
815,254,2023-04-10
816,346,2023-06-22
817,22,2024-12-28
818,463,2023-10-01
819,376,2023-11-22
820,332,2023-05-29
821,349,2024-03-13
822,304,2024-06-16
823,161,2023-08-15
824,338,2023-02-18
825,54,2024-10-11
826,287,2023-02-22
827,350,2024-06-08
828,219,2024-02-02
829,234,2024-01-22
830,231,2023-01-17
831,452,2024-06-19
832,371,2024-02-13
833,474,2023-07-07
834,227,2023-04-29
835,391,2024-11-17
836,121,2024-08-26
837,482,2024-05-16
838,12,2024-11-29
839,220,2024-11-04
840,96,2024-01-26
841,13,2024-05-15
842,195,2023-02-24
843,280,2024-09-29
844,303,2024-12-20
845,167,2024-04-28
846,289,2023-08-16
847,425,2024-04-01
848,289,2023-08-13
849,315,2024-05-18
850,251,2023-08-02
851,76,2024-09-07
852,34,2024-05-03
853,465,2023-08-14
854,258,2023-03-20
855,31,2023-08-06
856,306,2023-04-14
857,467,2024-10-06
858,283,2024-03-09
859,332,2024-06-23
860,392,2024-06-12
861,125,2024-05-06
862,319,2024-03-16
863,319,2024-01-29
864,177,2023-12-05
865,76,2024-11-23
866,283,2023-03-09
867,225,2024-02-16
868,331,2023-02-18
869,469,2023-04-12
870,161,2024-11-30
871,284,2023-06-08
872,359,2023-08-30
873,350,2023-01-05
874,270,2023-12-27
875,247,2024-07-19
876,235,2024-02-26
877,283,2023-01-15
878,200,2023-05-02
879,346,2024-03-28
880,319,2024-07-27
881,407,2023-07-29
882,289,2023-10-29
883,241,2023-01-03
884,82,2023-04-03
885,257,2024-05-07
886,27,2023-06-10
887,70,2023-11-27
888,400,2024-06-06
889,225,2024-05-06
890,473,2023-09-29
891,330,2023-09-09
892,499,2024-11-29
893,486,2023-11-28
894,147,2024-08-23
895,457,2023-11-07
896,119,2023-06-03
897,9,2024-09-11
898,400,2024-07-24
899,201,2023-09-30
900,473,2023-09-02
901,471,2023-09-04
902,226,2023-12-28
903,255,2023-12-18
904,175,2024-08-28
905,331,2023-02-08
906,395,2024-08-18
907,294,2023-04-03
908,270,2023-05-17
909,418,2024-07-01
910,201,2024-05-26
911,290,2023-09-12
912,330,2024-12-28
913,407,2023-11-18
914,279,2024-08-25
915,146,2023-06-04
916,18,2024-03-26
917,446,2023-06-22
918,57,2023-09-22
919,76,2023-09-04
920,457,2024-05-13
921,269,2024-08-23
922,384,2024-02-08
923,381,2024-11-05
924,29,2023-12-25
925,303,2024-12-18
926,319,2024-11-15
927,144,2024-11-23
928,204,2023-11-20
929,425,2023-02-27
930,438,2024-02-08
931,45,2023-09-23
932,422,2023-02-10
933,24,2023-07-12
934,90,2023-12-20
935,346,2024-08-02
936,306,2024-10-12
937,293,2024-10-22
938,280,2023-10-09
939,422,2023-04-19
940,200,2023-10-30
941,449,2023-06-03
942,443,2024-02-09
943,386,2023-03-25
944,270,2024-09-19
945,112,2024-07-06
946,166,2023-04-22
947,426,2024-05-08
948,35,2023-09-28
949,438,2024-12-07
950,43,2023-10-10
951,420,2023-07-08
952,371,2024-06-19
953,200,2023-01-04
954,76,2024-03-08
955,284,2023-09-05
956,161,2024-08-03
957,225,2023-06-30
958,386,2024-05-23
959,236,2024-07-19
960,208,2024-10-11
961,106,2024-09-06
962,171,2023-11-13
963,243,2024-01-19
964,3,2023-02-07
965,374,2024-02-24
966,377,2023-12-09
967,317,2024-06-25
968,182,2024-06-20
969,146,2023-07-25
970,64,2024-05-10
971,449,2024-07-04
972,121,2023-01-22
973,227,2024-10-22
974,76,2023-09-29
975,39,2023-07-21
976,14,2023-06-11
977,394,2024-06-04
978,151,2024-04-24
979,25,2024-05-19
980,207,2024-07-13
981,166,2023-06-02
982,65,2023-04-12
983,394,2023-07-10
984,277,2023-03-22
985,464,2023-03-29
986,78,2023-04-06
987,43,2023-07-17
988,457,2024-02-11
989,64,2024-05-23
990,429,2024-08-15
991,18,2024-11-11
992,102,2023-05-21
993,119,2023-12-06
994,484,2024-05-29
995,57,2024-07-14
996,372,2023-06-24
997,241,2023-07-11
998,270,2024-04-18
999,81,2024-06-27
1000,223,2024-03-27
1001,220,2023-02-12
1002,422,2024-05-02
1003,401,2023-09-27
1004,424,2024-12-28
1005,358,2023-06-17
1006,28,2023-07-12
1007,172,2023-12-02
1008,429,2024-06-08
1009,473,2024-04-27
1010,470,2024-08-14
1011,67,2024-04-02
1012,408,2023-04-05
1013,173,2023-05-31
1014,177,2023-01-22
1015,342,2024-06-02
1016,176,2024-01-10
1017,303,2024-08-17
1018,323,2024-05-14
1019,343,2023-05-04
1020,98,2023-01-12
1021,161,2023-11-27
1022,98,2023-05-20
1023,319,2023-04-07
1024,240,2023-03-10
1025,35,2023-02-28
1026,201,2023-02-19
1027,241,2023-01-19
1028,346,2024-03-25
1029,113,2024-11-09
1030,467,2023-05-21
1031,396,2024-01-26
1032,327,2024-06-09
1033,395,2023-05-08
1034,380,2024-02-08
1035,157,2023-12-04
1036,467,2023-12-27
1037,486,2023-08-06
1038,247,2023-07-21
1039,93,2024-06-01
1040,289,2024-02-16
1041,231,2023-03-23
1042,357,2024-02-29
1043,112,2024-11-19
1044,227,2024-01-22
1045,113,2023-12-11
1046,377,2024-05-28
1047,161,2024-08-08
1048,350,2023-06-03
1049,314,2023-10-22
1050,89,2024-05-09
1051,470,2024-07-06
1052,42,2023-04-18
1053,251,2024-04-27
1054,332,2024-02-18
1055,331,2023-05-14
1056,143,2023-03-14
1057,359,2024-07-13
1058,307,2024-03-18
1059,151,2024-05-22
1060,3,2024-03-27
1061,469,2023-06-03
1062,247,2023-03-20
1063,119,2024-07-13
1064,6,2023-09-05
1065,308,2024-09-01
1066,215,2023-10-11
1067,322,2023-10-28
1068,306,2023-05-17
1069,247,2024-10-11
1070,228,2023-08-25
1071,319,2023-09-19
1072,483,2024-10-18
1073,270,2023-02-23
1074,182,2024-05-21
1075,39,2024-02-13
1076,241,2023-09-28
1077,411,2024-01-14
1078,369,2023-09-05
1079,126,2023-02-12
1080,330,2023-06-19
1081,353,2024-05-07
1082,42,2024-01-04
1083,411,2023-04-21
1084,377,2023-02-16
1085,18,2024-01-01
1086,151,2023-10-23
1087,200,2023-11-10
1088,312,2024-06-11
1089,39,2023-10-31
1090,185,2023-12-04
1091,405,2023-10-02
1092,266,2023-11-15
1093,287,2024-11-16
1094,227,2024-08-25
1095,281,2024-11-21
1096,389,2024-12-21
1097,457,2024-01-25
1098,403,2023-10-22
1099,151,2024-11-24
1100,427,2024-07-21
1101,399,2024-03-20
1102,438,2023-05-03
1103,359,2024-11-10
1104,244,2023-09-09
1105,74,2023-12-01
1106,34,2023-03-04
1107,162,2023-05-19
1108,313,2023-07-24
1109,168,2023-09-13
1110,232,2023-03-29
1111,459,2023-07-26
1112,160,2023-01-03
1113,233,2023-05-01
1114,147,2023-02-07
1115,54,2024-10-06
1116,399,2023-01-21
1117,379,2024-09-12
1118,414,2024-08-17
1119,53,2023-03-10
1120,7,2023-05-20
1121,143,2023-11-08
1122,290,2024-10-26
1123,201,2023-11-15
1124,37,2023-06-02
1125,414,2024-06-27
1126,408,2024-01-24
1127,182,2023-06-26
1128,273,2023-04-07
1129,177,2023-05-17
1130,38,2023-04-19
1131,273,2024-10-23
1132,281,2023-09-18
1133,346,2024-04-09
1134,197,2024-02-18
1135,243,2024-12-26
1136,166,2023-08-27
1137,343,2024-10-14
1138,369,2024-01-07
1139,126,2023-02-14
1140,82,2024-09-07
1141,429,2024-04-29
1142,374,2023-01-18
1143,166,2023-10-16
1144,197,2024-09-29
1145,82,2024-05-13
1146,135,2024-10-11
1147,330,2023-04-25
1148,123,2024-12-13
1149,119,2023-01-11
1150,139,2023-09-04
1151,138,2023-05-07
1152,134,2024-01-17
1153,473,2024-08-06
1154,490,2023-05-17
1155,235,2024-04-25
1156,285,2023-11-26
1157,233,2024-03-24
1158,110,2023-12-20
1159,234,2023-04-03
1160,283,2023-07-24
1161,352,2023-09-02
1162,57,2023-10-22
1163,72,2023-10-09
1164,277,2023-09-26
1165,225,2023-11-01
1166,346,2023-11-10
1167,274,2023-07-12
1168,14,2024-06-12
1169,426,2023-09-08
1170,255,2023-07-26
1171,439,2024-02-20
1172,365,2023-05-24
1173,7,2024-10-29
1174,352,2023-04-03
1175,412,2023-12-02
1176,110,2023-12-30
1177,188,2023-07-18
1178,249,2023-12-05
1179,412,2024-03-04
1180,258,2023-05-19
1181,36,2024-06-25
1182,332,2024-10-19
1183,449,2024-07-13
1184,114,2024-10-09
1185,438,2024-12-16
1186,96,2023-10-19
1187,425,2023-04-26
1188,332,2024-11-15
1189,247,2023-11-29
1190,405,2023-12-01
1191,132,2023-08-09
1192,291,2023-11-19
1193,121,2024-11-24
1194,374,2023-02-09
1195,35,2024-07-27
1196,216,2024-07-25
1197,369,2023-05-02
1198,200,2023-04-06
1199,7,2023-08-23
1200,415,2023-09-13
1201,258,2023-12-14
1202,327,2024-04-26
1203,389,2024-12-19
1204,27,2023-05-16
1205,240,2023-11-10
1206,395,2024-03-04
1207,200,2024-04-24
1208,281,2024-12-21
1209,10,2023-07-30
1210,319,2024-06-24
1211,222,2023-04-02
1212,101,2023-08-08
1213,225,2024-03-17
1214,452,2024-12-27
1215,315,2024-07-29
1216,391,2024-05-04
1217,303,2024-04-14
1218,383,2024-11-12
1219,235,2023-09-24
1220,151,2024-06-03
1221,308,2023-02-09
1222,313,2024-01-21
1223,240,2024-12-16
1224,370,2024-01-30
1225,98,2024-08-15
1226,308,2023-06-27
1227,220,2024-10-19
1228,472,2024-01-04
1229,152,2024-05-19
1230,149,2024-11-08
1231,379,2023-03-02
1232,181,2024-11-15
1233,414,2024-01-13
1234,157,2024-08-08
1235,336,2023-07-26
1236,394,2023-12-06
1237,390,2023-12-06
1238,213,2024-06-23
1239,120,2024-11-07
1240,147,2023-03-11
1241,235,2024-08-30
1242,138,2024-05-31
1243,327,2024-11-20
1244,395,2023-08-05
1245,448,2024-11-29
1246,279,2024-03-30
1247,500,2023-08-18
1248,42,2023-09-21
1249,142,2023-07-01
1250,359,2024-07-03
1251,43,2023-10-03
1252,449,2023-04-01
1253,407,2024-04-02
1254,6,2024-11-05
1255,303,2024-02-04
1256,233,2024-04-03
1257,205,2024-05-13
1258,231,2024-05-22
1259,333,2024-08-20
1260,9,2024-04-06
1261,457,2024-03-08
1262,386,2024-11-25
1263,420,2023-08-23
1264,6,2024-05-29
1265,321,2023-05-05
1266,308,2024-06-20
1267,35,2024-06-24
1268,382,2024-11-13
1269,344,2024-07-26
1270,225,2023-10-03
1271,299,2024-10-12
1272,459,2024-11-25
1273,319,2023-07-10
1274,119,2024-07-16
1275,244,2024-07-15
1276,332,2023-04-23
1277,252,2024-11-08
1278,311,2024-12-15
1279,469,2023-07-08
1280,344,2024-07-20
1281,429,2024-04-15
1282,458,2024-10-06
1283,28,2024-07-24
1284,352,2023-07-01
1285,153,2023-03-05
1286,409,2023-07-12
1287,93,2024-02-10
1288,251,2024-12-21
1289,420,2024-10-15
1290,32,2024-03-09
1291,394,2024-01-10
1292,87,2023-07-26
1293,421,2023-04-28
1294,349,2023-06-15
1295,283,2023-07-03
1296,471,2023-01-13
1297,76,2024-03-13
1298,307,2023-05-30
1299,354,2023-01-29
1300,240,2024-12-21
1301,316,2024-09-19
1302,140,2024-06-02
1303,272,2023-08-27
1304,349,2023-06-04
1305,376,2023-03-29
1306,439,2023-03-14
1307,500,2023-07-31
1308,120,2024-04-09
1309,320,2024-09-22
1310,319,2023-07-26
1311,425,2024-01-01
1312,188,2023-11-05
1313,480,2023-03-05
1314,443,2024-05-08
1315,222,2023-03-12
1316,117,2023-10-03
1317,28,2024-12-28
1318,45,2024-07-17
1319,243,2023-03-25
1320,479,2024-09-29
1321,82,2024-08-06
1322,244,2023-02-25
1323,76,2023-04-20
1324,327,2023-04-03
1325,132,2023-03-01
1326,414,2024-06-23
1327,201,2024-09-28
1328,170,2023-02-05
1329,116,2023-03-27
1330,448,2023-12-04
1331,195,2024-01-18
1332,490,2024-01-11
1333,39,2024-10-03
1334,414,2023-01-11
1335,293,2023-04-06
1336,76,2023-07-11
1337,305,2024-02-28
1338,170,2023-12-21
1339,3,2024-03-21
1340,438,2023-03-06
1341,252,2024-05-04
1342,412,2023-04-16
1343,160,2023-08-14
1344,251,2023-03-30
1345,303,2024-01-06
1346,497,2024-02-03
1347,106,2024-05-17
1348,422,2023-02-01
1349,442,2024-10-21
1350,10,2023-03-23
1351,253,2023-07-20
1352,266,2024-03-03
1353,350,2024-03-19
1354,207,2023-08-15
1355,403,2024-03-14
1356,352,2023-07-06
1357,386,2024-05-02
1358,104,2023-08-17
1359,277,2024-08-11
1360,304,2023-09-27
1361,332,2023-05-12
1362,478,2023-03-13
1363,215,2024-11-02
1364,157,2023-07-10
1365,303,2023-08-08
1366,82,2024-03-26
1367,121,2023-08-25
1368,232,2024-12-20
1369,161,2024-02-26
1370,478,2023-03-13
1371,214,2023-01-06
1372,216,2024-09-02
1373,467,2024-11-29
1374,190,2023-12-15
1375,400,2024-12-02
1376,492,2023-05-07
1377,121,2024-12-25
1378,438,2024-05-01
1379,308,2024-01-23
1380,2,2024-09-30
1381,313,2023-10-03
1382,218,2023-12-03
1383,76,2024-04-25
1384,290,2023-09-30
1385,163,2023-11-24
1386,457,2023-04-19
1387,467,2023-11-24
1388,113,2024-04-18
1389,396,2023-08-17
1390,252,2024-04-17
1391,354,2023-01-02
1392,384,2024-05-25
1393,312,2023-01-13
1394,387,2023-08-26
1395,414,2023-06-20
1396,18,2024-10-22
1397,25,2024-04-11
1398,317,2023-07-20
1399,253,2023-12-30
1400,272,2024-04-15
1401,321,2024-02-21
1402,426,2024-10-10
1403,422,2023-01-01
1404,400,2023-04-08
1405,120,2023-05-20
1406,370,2023-03-13
1407,457,2023-09-25
1408,219,2023-08-20
1409,106,2023-05-19
1410,298,2023-09-30
1411,117,2024-05-20
1412,346,2024-02-28
1413,459,2024-01-25
1414,210,2024-09-05
1415,14,2023-07-11
1416,241,2024-12-12
1417,392,2023-08-15
1418,236,2023-05-29
1419,473,2023-03-04
1420,24,2024-10-29
1421,312,2023-01-06
1422,346,2023-01-28
1423,425,2023-04-29
1424,313,2023-09-01
1425,377,2023-08-06
1426,454,2024-11-06
1427,474,2023-11-04
1428,346,2023-04-15
1429,198,2024-11-30
1430,496,2023-07-05
1431,157,2024-11-26
1432,244,2023-07-29
1433,497,2024-08-31
1434,465,2024-04-16
1435,215,2024-05-06
1436,82,2024-01-02
1437,80,2024-08-10
1438,152,2024-01-10
1439,477,2024-06-20
1440,454,2024-08-01
1441,141,2024-05-24
1442,31,2023-03-14
1443,380,2023-12-26
1444,303,2023-06-01
1445,411,2023-10-10
1446,28,2023-09-28
1447,252,2023-04-15
1448,336,2023-10-09
1449,366,2023-12-17
1450,201,2023-05-20
1451,452,2023-03-28
1452,166,2024-01-03
1453,152,2024-08-23
1454,374,2024-01-13
1455,314,2024-03-08
1456,412,2024-04-13
1457,375,2024-04-25
1458,56,2023-05-23
1459,470,2023-10-29
1460,327,2023-03-11
1461,449,2023-04-22
1462,121,2024-04-15
1463,333,2024-06-13
1464,49,2024-12-26
1465,281,2023-07-11
1466,449,2023-08-30
1467,291,2023-06-29
1468,8,2024-05-17
1469,146,2023-07-11
1470,49,2023-08-25
1471,36,2024-07-02
1472,57,2023-08-25
1473,308,2023-07-16
1474,35,2024-05-28
1475,377,2024-11-30
1476,319,2023-04-18
1477,48,2024-08-24
1478,400,2024-03-20
1479,140,2024-08-28
1480,147,2024-11-28
1481,241,2024-05-09
1482,73,2024-06-26
1483,28,2024-08-10
1484,282,2023-10-05
1485,126,2023-04-21
1486,303,2023-07-10
1487,350,2024-03-01
1488,412,2023-07-28
1489,37,2024-09-02
1490,200,2023-01-08
1491,78,2024-06-12
1492,290,2024-10-14
1493,39,2024-05-10
1494,258,2023-06-12
1495,121,2023-08-27
1496,72,2024-10-16
1497,412,2023-09-26
1498,251,2023-09-02
1499,110,2023-03-01
1500,57,2024-07-23
1501,349,2023-08-05
1502,313,2023-01-05
1503,176,2024-01-25
1504,80,2024-03-23
1505,319,2024-01-23
1506,292,2024-06-09
1507,425,2024-01-19
1508,135,2024-02-03
1509,317,2024-05-05
1510,25,2024-02-23
1511,37,2024-09-03
1512,348,2023-05-02
1513,418,2023-11-13
1514,243,2023-11-23
1515,146,2023-03-06
1516,244,2023-06-13
1517,234,2023-05-08
1518,333,2024-04-07
1519,227,2023-07-06
1520,18,2023-07-09
1521,76,2023-10-11
1522,281,2023-07-13
1523,290,2023-05-16
1524,273,2023-06-20
1525,149,2024-05-01
1526,121,2024-08-05
1527,465,2024-01-06
1528,219,2023-05-05
1529,327,2024-04-02
1530,177,2023-07-16
1531,395,2024-02-27
1532,374,2023-06-20
1533,446,2024-10-24
1534,417,2024-09-25
1535,134,2024-09-11
1536,219,2023-01-06
1537,144,2023-05-26
1538,143,2024-08-30
1539,152,2023-07-21
1540,303,2024-09-15
1541,438,2024-03-22
1542,152,2024-10-12
1543,365,2023-04-06
1544,477,2024-03-27
1545,133,2024-02-20
1546,341,2024-03-29
1547,244,2023-07-12
1548,229,2024-05-29
1549,500,2023-03-17
1550,333,2023-08-13
1551,240,2023-09-08
1552,466,2024-12-14
1553,320,2023-06-24
1554,236,2023-09-13
1555,457,2023-10-08
1556,80,2023-08-25
1557,294,2024-05-09
1558,383,2024-12-18
1559,370,2024-05-08
1560,227,2024-01-10
1561,405,2023-01-25
1562,336,2023-04-26
1563,188,2023-04-09
1564,134,2024-08-19
1565,418,2024-11-15
1566,171,2024-12-21
1567,132,2024-07-29
1568,156,2023-05-01
1569,236,2023-02-23
1570,119,2023-08-29
1571,7,2024-04-27
1572,18,2024-10-17
1573,8,2023-12-30
1574,176,2023-08-27
1575,24,2023-03-17
1576,209,2024-10-03
1577,32,2023-10-10
1578,294,2023-03-13
1579,450,2024-07-28
1580,27,2023-01-12
1581,233,2024-07-08
1582,407,2023-09-10
1583,177,2024-06-03
1584,461,2024-12-20
1585,101,2024-09-21
1586,190,2023-03-17
1587,161,2024-10-24
1588,118,2023-03-12
1589,28,2023-05-04
1590,384,2023-07-14
1591,258,2024-03-06
1592,283,2024-04-05
1593,303,2023-03-05
1594,166,2023-11-07
1595,76,2024-10-21
1596,375,2023-06-13
1597,232,2023-08-12
1598,346,2023-01-30
1599,225,2024-04-15
1600,405,2024-03-02
1601,331,2023-08-09
1602,197,2024-11-22
1603,447,2024-07-03
1604,135,2023-08-27
1605,400,2023-05-28
1606,343,2024-01-23
1607,49,2024-05-31
1608,76,2024-09-29
1609,283,2023-10-05
1610,342,2023-10-27
1611,39,2024-10-10
1612,76,2023-05-15
1613,57,2024-05-04
1614,400,2024-01-19
1615,385,2023-07-08
1616,330,2024-08-29
1617,253,2023-07-06
1618,233,2023-05-10
1619,319,2023-05-24
1620,332,2024-02-27
1621,465,2023-04-17
1622,157,2023-12-07
1623,394,2024-02-14
1624,282,2024-08-29
1625,253,2023-12-14
1626,101,2024-07-12
1627,116,2024-09-09
1628,400,2024-09-09
1629,433,2023-04-18
1630,32,2023-10-23
1631,42,2023-11-27
1632,425,2023-01-12
1633,76,2023-07-01
1634,313,2024-10-17
1635,6,2024-11-24
1636,240,2024-11-08
1637,72,2023-04-06
1638,126,2024-03-19
1639,467,2023-12-27
1640,333,2023-10-30
1641,31,2024-12-20
1642,119,2023-07-04
1643,425,2023-12-29
1644,54,2023-12-02
1645,195,2024-04-18
1646,312,2023-01-12
1647,185,2024-08-10
1648,18,2024-06-05
1649,39,2024-11-18
1650,18,2023-03-01
1651,393,2024-03-10
1652,289,2024-02-12
1653,266,2024-01-21
1654,336,2023-03-19
1655,227,2024-06-10
1656,443,2023-06-05
1657,82,2023-10-07
1658,208,2024-09-13
1659,41,2024-10-19
1660,65,2024-11-04
1661,457,2023-11-28
1662,76,2024-03-29
1663,365,2024-02-24
1664,371,2024-09-30
1665,352,2023-12-22
1666,315,2023-04-06
1667,345,2023-06-13
1668,317,2023-10-21
1669,166,2024-04-24
1670,382,2024-02-04
1671,121,2024-03-27
1672,182,2024-04-06
1673,244,2024-12-18
1674,373,2023-12-03
1675,337,2023-05-22
1676,65,2024-07-11
1677,68,2024-07-09
1678,458,2023-11-06
1679,457,2024-09-01
1680,177,2024-01-07
1681,332,2023-07-25
1682,57,2023-09-02
1683,363,2024-04-20
1684,146,2023-07-09
1685,285,2023-09-08
1686,412,2024-10-06
1687,279,2023-11-22
1688,409,2024-08-29
1689,219,2024-05-22
1690,126,2023-03-13
1691,43,2024-12-24
1692,72,2024-08-30
1693,91,2024-07-19
1694,244,2023-02-23
1695,438,2024-09-02
1696,443,2023-07-12
1697,178,2024-03-12
1698,171,2024-12-06
1699,342,2023-11-22
1700,309,2023-04-22
1701,68,2023-05-11
1702,376,2024-12-09
1703,303,2023-07-23
1704,303,2023-10-03
1705,381,2023-08-31
1706,272,2023-04-12
1707,42,2023-06-20
1708,98,2023-07-07
1709,387,2024-04-20
1710,244,2023-02-12
1711,104,2023-07-19
1712,474,2024-09-18
1713,256,2023-10-26
1714,157,2023-05-17
1715,39,2023-07-30
1716,417,2024-03-10
1717,308,2024-03-14
1718,133,2024-10-27
1719,166,2024-06-06
1720,24,2024-03-02
1721,152,2024-01-04
1722,317,2024-07-30
1723,483,2023-11-24
1724,307,2024-01-11
1725,36,2023-12-25
1726,252,2024-10-27
1727,389,2024-10-13
1728,204,2024-09-20
1729,283,2024-08-22
1730,458,2023-09-26
1731,387,2023-04-28
1732,170,2023-04-26
1733,344,2023-03-16
1734,463,2023-01-07
1735,250,2024-06-06
1736,213,2023-08-03
1737,400,2024-05-12
1738,308,2024-01-02
1739,197,2023-02-23
1740,253,2023-06-13
1741,82,2024-06-30
1742,333,2023-09-30
1743,49,2024-02-18
1744,467,2024-11-15
1745,54,2023-08-05
1746,235,2024-09-09
1747,317,2023-06-30
1748,244,2023-09-01
1749,227,2023-11-16
1750,409,2024-05-04
1751,374,2024-12-22
1752,105,2023-11-26
1753,256,2024-01-26
1754,282,2023-11-02
1755,230,2024-11-03
1756,65,2023-07-07
1757,80,2024-10-05
1758,115,2024-12-30
1759,120,2023-03-12
1760,312,2024-04-01
1761,43,2024-06-03
1762,197,2023-10-19
1763,285,2024-09-26
1764,346,2024-06-27
1765,452,2024-10-19
1766,89,2024-02-17
1767,72,2024-07-12
1768,435,2023-01-31
1769,312,2024-06-12
1770,282,2023-02-08
1771,273,2024-06-25
1772,39,2023-07-22
1773,400,2023-09-25
1774,414,2024-06-13
1775,172,2023-09-12
1776,467,2023-09-14
1777,180,2024-08-21
1778,182,2024-01-25
1779,369,2024-12-12
1780,404,2023-01-19
1781,279,2024-08-29
1782,499,2024-06-25
1783,342,2023-02-02
1784,76,2024-06-07
1785,470,2023-06-04
1786,195,2023-09-03
1787,40,2024-06-24
1788,158,2024-12-02
1789,200,2024-11-22
1790,15,2023-06-21
1791,28,2023-09-16
1792,98,2024-12-22
1793,220,2024-02-25
1794,451,2023-12-30
1795,26,2024-01-13
1796,244,2024-12-22
1797,149,2023-04-08
1798,403,2023-01-22
1799,121,2024-01-18
1800,327,2023-01-25
1801,246,2023-03-26
1802,235,2023-05-24
1803,434,2024-11-09
1804,315,2023-08-08
1805,9,2024-03-08
1806,303,2024-03-04
1807,412,2024-03-28
1808,314,2024-07-07
1809,160,2024-03-18
1810,126,2023-05-03
1811,81,2023-12-05
1812,378,2023-01-29
1813,222,2024-06-01
1814,222,2023-10-21
1815,277,2023-05-27
1816,438,2024-06-03
1817,422,2023-12-06
1818,255,2024-11-21
1819,32,2024-07-10
1820,290,2023-01-16
1821,294,2024-05-10
1822,109,2023-11-30
1823,473,2023-11-23
1824,43,2024-09-05
1825,412,2024-02-12
1826,282,2024-03-03
1827,25,2024-05-05
1828,308,2024-12-12
1829,166,2023-11-02
1830,86,2024-04-09
1831,401,2024-05-08
1832,281,2024-02-24
1833,204,2023-06-20
1834,350,2024-03-02
1835,25,2023-07-09
1836,220,2024-10-19
1837,342,2023-11-15
1838,340,2023-06-28
1839,184,2024-11-02
1840,264,2023-08-20
1841,333,2024-04-25
1842,14,2023-09-06
1843,43,2023-11-19
1844,477,2024-06-01
1845,373,2024-03-07
1846,54,2024-03-04
1847,134,2024-06-20
1848,28,2024-01-02
1849,114,2024-01-05
1850,185,2024-08-10
1851,36,2023-04-24
1852,322,2024-03-14
1853,395,2023-02-04
1854,182,2024-06-21
1855,438,2024-01-09
1856,374,2024-12-28
1857,228,2024-07-16
1858,377,2024-12-26
1859,94,2024-05-16
1860,101,2023-03-17
1861,374,2024-11-29
1862,215,2024-06-23
1863,405,2023-09-10
1864,95,2023-02-06
1865,351,2024-09-01
1866,333,2023-06-17
1867,289,2024-09-29
1868,281,2023-11-06
1869,31,2024-06-23
1870,344,2024-03-19
1871,499,2023-08-24
1872,374,2023-08-02
1873,438,2023-03-26
1874,497,2023-03-06
1875,200,2024-09-18
1876,339,2023-12-18
1877,202,2024-05-05
1878,200,2024-04-07
1879,80,2023-11-09
1880,105,2024-04-10
1881,35,2023-10-30
1882,16,2024-11-12
1883,254,2024-03-07
1884,293,2024-10-07
1885,183,2023-09-02
1886,297,2024-06-16
1887,375,2023-04-22
1888,65,2023-06-26
1889,68,2023-04-11
1890,453,2024-08-26
1891,313,2024-06-20
1892,178,2023-10-24
1893,270,2023-09-06
1894,137,2023-03-16
1895,308,2023-06-17
1896,65,2023-12-21
1897,32,2024-06-14
1898,321,2023-08-29
1899,207,2023-12-10
1900,281,2024-12-02
1901,331,2023-06-02
1902,14,2024-05-22
1903,60,2024-04-26
1904,443,2023-08-09
1905,409,2024-12-23
1906,317,2023-07-01
1907,454,2024-10-02
1908,182,2024-04-25
1909,151,2024-03-14
1910,221,2023-12-11
1911,290,2024-10-07
1912,309,2023-03-11
1913,317,2023-02-17
1914,91,2023-10-14
1915,89,2024-06-25
1916,365,2023-10-01
1917,160,2024-01-16
1918,409,2023-01-15
1919,223,2023-06-17
1920,339,2023-05-17
1921,162,2023-07-28
1922,14,2024-09-02
1923,290,2023-03-10
1924,251,2023-03-20
1925,336,2024-08-27
1926,463,2024-09-12
1927,368,2023-04-05
1928,67,2023-03-08
1929,27,2024-01-01
1930,29,2023-04-27
1931,2,2024-04-29
1932,72,2023-06-13
1933,272,2023-09-25
1934,201,2024-05-22
1935,383,2023-11-04
1936,277,2024-07-25
1937,115,2024-05-01
1938,39,2024-10-30
1939,170,2023-06-28
1940,440,2023-03-30
1941,76,2023-07-02
1942,66,2023-05-10
1943,477,2024-09-25
1944,303,2023-04-16
1945,371,2024-12-07
1946,176,2024-08-16
1947,113,2023-07-11
1948,330,2024-12-26
1949,231,2024-04-11
1950,281,2023-11-14
1951,395,2023-08-04
1952,414,2023-01-15
1953,380,2024-06-30
1954,425,2024-04-11
1955,472,2024-06-02
1956,17,2023-11-01
1957,33,2023-04-21
1958,151,2024-11-21
1959,142,2024-08-14
1960,408,2024-07-07
1961,288,2023-06-22
1962,427,2023-06-04
1963,396,2024-07-01
1964,76,2023-08-03
1965,426,2023-05-06
1966,184,2024-11-16
1967,332,2024-06-21
1968,138,2024-04-26
1969,34,2023-03-16
1970,429,2023-03-19
1971,246,2024-11-18
1972,182,2023-07-03
1973,134,2023-11-24
1974,435,2023-04-22
1975,176,2023-02-28
1976,405,2024-09-12
1977,358,2023-07-10
1978,39,2024-12-08
1979,321,2024-01-22
1980,86,2024-09-07
1981,427,2023-01-01
1982,255,2023-08-18
1983,40,2023-03-28
1984,83,2023-10-25
1985,289,2024-11-20
1986,230,2023-06-14
1987,277,2024-01-18
1988,256,2024-03-07
1989,414,2023-08-12
1990,463,2024-11-17
1991,49,2023-04-26
1992,253,2024-01-03
1993,352,2024-02-19
1994,72,2023-01-24
1995,72,2023-02-19
1996,172,2024-05-12
1997,26,2024-08-04
1998,200,2024-07-15
1999,327,2024-08-13
2000,142,2024-07-12
2001,429,2024-05-02
2002,227,2023-09-13
2003,8,2023-01-01
2004,29,2023-03-20
2005,201,2023-12-15
2006,281,2024-05-16
2007,252,2024-12-04
2008,274,2024-07-03
2009,33,2023-12-13
2010,143,2023-07-28
2011,248,2024-08-23
2012,312,2023-04-03
2013,253,2024-03-20
2014,396,2023-10-18
2015,446,2023-11-02
2016,332,2024-09-16
2017,71,2024-03-17
2018,25,2023-05-12
2019,279,2024-04-26
2020,379,2024-08-15
2021,499,2023-11-21
2022,147,2024-03-23
2023,197,2024-09-08
2024,303,2024-12-13
2025,236,2024-11-27
2026,49,2024-09-03
2027,279,2024-12-26
2028,378,2024-03-14
2029,381,2023-09-08
2030,35,2024-06-13
2031,369,2023-04-07
2032,359,2023-05-12
2033,278,2023-03-23
2034,36,2023-02-28
2035,319,2023-10-11
2036,134,2024-03-14
2037,21,2024-08-04
2038,52,2024-08-21
2039,380,2024-04-16
2040,24,2023-01-13
2041,39,2024-11-24
2042,194,2023-08-17
2043,350,2023-07-08
2044,277,2023-03-20
2045,389,2023-07-01
2046,7,2024-12-08
2047,492,2023-09-05
2048,179,2023-10-23
2049,157,2024-05-20
2050,283,2024-05-08
2051,227,2023-12-29
2052,151,2024-04-18
2053,197,2024-03-06
2054,231,2024-03-10
2055,60,2023-07-17
2056,190,2024-02-15
2057,2,2023-03-06
2058,470,2024-01-04
2059,133,2024-03-06
2060,97,2024-11-27
2061,161,2024-09-02
2062,208,2024-06-17
2063,483,2023-05-06
2064,266,2024-02-29
2065,283,2024-06-26
2066,192,2024-02-06
2067,166,2023-09-30
2068,176,2024-04-15
2069,82,2023-04-20
2070,456,2024-07-21
2071,160,2024-07-22
2072,35,2023-04-24
2073,98,2024-04-21
2074,57,2023-11-17
2075,471,2023-08-07
2076,376,2024-06-11
2077,86,2023-03-02
2078,258,2024-06-21
2079,277,2023-03-06
2080,420,2024-12-04
2081,452,2024-11-29
2082,442,2024-11-23
2083,160,2023-06-11
2084,218,2024-03-27
2085,381,2023-01-16
2086,78,2024-10-20
2087,353,2024-03-09
2088,176,2024-04-29
2089,414,2023-05-30
2090,377,2023-12-06
2091,336,2024-05-15
2092,230,2023-07-30
2093,218,2023-02-14
2094,98,2024-06-18
2095,152,2024-01-26
2096,147,2023-01-27
2097,200,2024-07-01
2098,93,2024-12-04
2099,55,2023-03-10
2100,72,2024-07-20
2101,414,2024-08-21
2102,319,2024-12-20
2103,392,2023-06-03
2104,387,2024-08-01
2105,99,2024-06-29
2106,247,2024-11-11
2107,457,2024-05-29
2108,414,2023-10-14
2109,408,2024-09-08
2110,188,2023-09-27
2111,342,2024-06-01
2112,201,2024-08-05
2113,414,2024-10-31
2114,409,2023-05-06
2115,136,2023-04-07
2116,105,2023-07-10
2117,333,2024-12-16
2118,313,2024-07-06
2119,282,2024-07-27
2120,412,2024-12-21
2121,101,2023-07-06
2122,404,2023-05-10
2123,218,2023-04-24
2124,438,2023-09-28
2125,106,2024-03-19
2126,17,2024-03-22
2127,303,2024-12-15
2128,28,2023-04-11
2129,205,2023-04-27
2130,222,2024-03-04
2131,288,2024-01-01
2132,166,2024-10-18
2133,132,2023-05-10
2134,227,2023-11-14
2135,409,2023-12-03
2136,54,2024-01-03
2137,306,2024-12-15
2138,135,2024-11-25
2139,160,2024-08-08
2140,283,2023-10-01
2141,373,2024-12-24
2142,457,2023-03-23
2143,108,2023-01-14
2144,384,2023-05-12
2145,470,2024-02-08
2146,307,2024-07-12
2147,438,2023-09-22
2148,176,2023-06-04
2149,252,2023-09-04
2150,378,2024-06-21
2151,240,2023-06-03
2152,149,2024-03-08
2153,246,2024-11-23
2154,98,2023-09-30
2155,166,2024-08-10
2156,409,2024-10-04
2157,241,2024-07-20
2158,417,2024-12-12
2159,400,2024-09-21
2160,320,2023-10-29
2161,287,2024-02-12
2162,425,2023-05-09
2163,28,2023-09-23
2164,33,2023-05-24
2165,247,2023-06-06
2166,252,2023-05-14
2167,330,2023-12-02
2168,336,2023-11-30
2169,288,2023-03-31
2170,312,2023-06-10
2171,379,2023-10-28
2172,219,2024-03-11
2173,283,2024-04-03
2174,317,2024-09-11
2175,255,2023-05-20
2176,473,2024-08-12
2177,145,2024-09-01
2178,338,2024-10-22
2179,113,2024-07-31
2180,14,2023-03-28
2181,136,2023-12-03
2182,422,2024-01-15
2183,376,2023-10-03
2184,372,2023-07-02
2185,374,2023-11-18
2186,426,2023-03-19
2187,303,2024-11-04
2188,465,2023-08-26
2189,35,2023-07-11
2190,92,2023-01-18
2191,182,2023-05-03
2192,317,2024-01-08
2193,227,2023-03-12
2194,290,2023-01-19
2195,193,2023-06-04
2196,426,2023-12-23
2197,392,2024-03-18
2198,346,2023-05-23
2199,240,2024-01-13
2200,377,2024-11-23
2201,283,2023-09-28
2202,72,2024-06-12
2203,281,2023-05-29
2204,420,2024-02-26
2205,426,2024-04-16
2206,377,2024-09-22
2207,471,2023-01-14
2208,352,2023-12-30
2209,42,2024-06-29
2210,28,2024-09-25
2211,45,2024-05-30
2212,89,2023-04-16
2213,363,2023-05-01
2214,478,2023-07-16
2215,63,2023-01-12
2216,386,2024-01-27
2217,182,2023-09-24
2218,320,2024-10-13
2219,264,2024-06-03
2220,157,2024-09-27
2221,281,2024-06-05
2222,409,2023-04-22
2223,98,2024-04-21
2224,222,2023-09-10
2225,333,2024-03-13
2226,380,2024-10-22
2227,70,2024-04-22
2228,464,2023-08-04
2229,224,2023-05-09
2230,371,2023-10-21
2231,22,2024-07-09
2232,177,2024-01-10
2233,24,2024-01-25
2234,290,2023-08-30
2235,33,2024-07-16
2236,39,2024-12-12
2237,190,2023-03-11
2238,317,2024-01-17
2239,251,2024-03-18
2240,395,2023-12-18
2241,425,2023-10-25
2242,101,2023-04-20
2243,414,2024-06-27
2244,486,2023-01-25
2245,57,2023-02-26
2246,28,2023-12-09
2247,57,2024-07-29
2248,289,2023-10-16
2249,424,2024-06-13
2250,45,2023-08-17
2251,24,2024-03-10
2252,303,2024-02-06
2253,185,2023-03-29
2254,319,2024-06-25
2255,210,2023-12-09
2256,387,2023-05-19
2257,434,2023-08-06
2258,433,2024-06-08
2259,353,2023-02-11
2260,327,2023-10-02
2261,108,2023-09-08
2262,160,2023-05-20
2263,458,2024-06-13
2264,454,2023-01-05
2265,82,2023-07-01
2266,143,2023-09-16
2267,426,2024-11-28
2268,279,2024-08-10
2269,452,2023-04-18
2270,474,2024-08-11
2271,427,2023-09-15
2272,8,2023-10-09
2273,425,2023-07-23
2274,65,2023-09-11
2275,387,2024-06-27
2276,80,2024-02-01
2277,332,2023-11-26
2278,368,2023-06-18
2279,66,2023-06-27
2280,425,2024-09-30
2281,339,2024-02-20
2282,166,2023-05-23
2283,97,2024-12-10
2284,255,2023-01-11
2285,352,2024-02-25
2286,499,2024-05-10
2287,145,2023-08-07
2288,425,2024-04-05
2289,65,2023-05-24
2290,195,2023-09-12
2291,240,2023-12-02
2292,408,2024-02-13
2293,7,2024-08-24
2294,410,2023-12-19
2295,40,2024-06-07
2296,231,2024-11-24
2297,319,2023-04-09
2298,68,2023-08-14
2299,380,2024-09-09
2300,264,2024-07-23
2301,208,2023-02-11
2302,240,2023-06-30
2303,185,2024-07-21
2304,322,2023-04-11
2305,459,2024-08-08
2306,19,2024-10-16
2307,376,2023-08-09
2308,223,2023-11-03
2309,110,2023-01-04
2310,457,2023-10-08
2311,231,2024-09-01
2312,404,2024-06-04
2313,435,2024-10-19
2314,377,2024-05-24
2315,121,2023-08-14
2316,382,2024-02-29
2317,68,2024-03-09
2318,378,2024-11-12
2319,458,2024-09-19
2320,167,2024-05-27
2321,83,2024-12-30
2322,57,2023-09-08
2323,29,2024-11-16
2324,438,2023-03-31
2325,312,2023-10-21
2326,400,2023-05-12
2327,354,2023-07-18
2328,146,2024-07-14
2329,350,2023-09-04
2330,401,2023-08-27
2331,213,2023-06-17
2332,176,2024-09-01
2333,426,2024-11-19
2334,366,2023-03-21
2335,283,2024-04-05
2336,432,2024-03-27
2337,467,2024-04-22
2338,222,2024-02-24
2339,383,2024-01-04
2340,39,2024-05-17
2341,240,2024-08-10
2342,289,2024-12-08
2343,438,2024-02-19
2344,121,2023-09-03
2345,290,2023-07-26
2346,412,2024-06-11
2347,279,2023-05-25
2348,253,2023-11-29
2349,333,2023-02-14
2350,100,2023-03-03
2351,279,2024-04-12
2352,394,2023-12-31
2353,108,2024-03-03
2354,36,2024-05-21
2355,467,2023-11-21
2356,6,2023-02-11
2357,182,2023-08-19
2358,443,2024-01-29
2359,146,2024-03-19
2360,359,2024-02-09
2361,43,2024-08-26
2362,473,2023-03-19
2363,97,2024-12-25
2364,39,2023-05-25
2365,391,2024-11-27
2366,98,2024-03-20
2367,465,2023-06-20
2368,18,2024-04-28
2369,292,2024-10-14
2370,386,2024-08-31
2371,298,2024-07-08
2372,283,2024-01-13
2373,143,2023-04-05
2374,442,2023-03-12
2375,188,2024-06-16
2376,467,2023-03-21
2377,473,2024-01-07
2378,249,2024-11-24
2379,443,2024-05-31
2380,72,2024-06-13
2381,180,2023-02-26
2382,157,2024-01-19
2383,360,2023-08-25
2384,28,2023-10-04
2385,225,2024-07-05
2386,76,2024-09-30
2387,202,2023-02-24
2388,36,2024-11-14
2389,40,2023-07-03
2390,477,2023-07-17
2391,188,2024-05-11
2392,452,2024-05-23
2393,409,2023-07-30
2394,346,2023-04-28
2395,80,2023-02-11
2396,467,2023-11-25
2397,9,2023-09-15
2398,247,2024-09-03
2399,380,2024-02-27
2400,434,2023-03-22
2401,438,2024-02-28
2402,86,2024-12-09
2403,29,2023-07-15
2404,313,2023-07-15
2405,287,2023-01-14
2406,166,2023-02-26
2407,339,2023-07-29
2408,214,2023-12-10
2409,411,2023-10-06
2410,221,2023-12-01
2411,18,2023-09-22
2412,395,2024-11-30
2413,400,2024-12-26
2414,401,2023-12-31
2415,409,2023-11-17
2416,98,2023-04-19
2417,273,2023-02-16
2418,72,2023-04-06
2419,332,2023-05-26
2420,425,2023-01-27
2421,359,2024-11-09
2422,437,2023-03-23
2423,434,2024-04-23
2424,367,2024-02-06
2425,66,2024-05-25
2426,306,2024-12-13
2427,138,2023-09-12
2428,313,2024-08-16
2429,141,2023-06-07
2430,447,2024-04-12
2431,180,2024-02-16
2432,179,2023-08-23
2433,89,2023-06-08
2434,152,2024-02-08
2435,129,2023-11-07
2436,27,2023-03-29
2437,72,2023-05-15
2438,177,2023-05-20
2439,469,2024-09-11
2440,99,2023-12-24
2441,386,2024-10-19
2442,394,2024-04-07
2443,303,2023-05-02
2444,398,2023-11-23
2445,348,2024-04-23
2446,425,2024-05-17
2447,270,2024-11-04
2448,34,2024-04-30
2449,490,2023-06-28
2450,118,2024-07-09
2451,350,2023-11-22
2452,424,2024-02-20
2453,120,2023-08-02
2454,346,2024-07-16
2455,36,2023-11-28
2456,258,2024-10-18
2457,319,2024-01-11
2458,438,2023-05-18
2459,161,2024-06-12
2460,151,2024-12-23
2461,233,2024-12-17
2462,210,2024-06-19
2463,434,2023-06-01
2464,471,2023-09-16
2465,245,2023-06-17
2466,366,2024-04-23
2467,151,2024-04-17
2468,394,2023-11-20
2469,379,2023-05-21
2470,205,2024-02-24
2471,176,2023-12-21
2472,330,2024-08-11
2473,233,2023-12-14
2474,351,2024-04-18
2475,244,2023-04-17
2476,409,2023-08-15
2477,409,2024-01-31
2478,372,2023-03-25
2479,426,2023-01-13
2480,125,2024-11-23
2481,299,2024-06-08
2482,455,2023-12-19
2483,227,2023-12-02
2484,299,2024-06-30
2485,255,2024-05-31
2486,281,2023-04-27
2487,299,2023-04-26
2488,281,2024-12-12
2489,18,2023-08-25
2490,266,2023-03-07
2491,460,2024-03-22
2492,273,2024-03-16
2493,28,2024-04-08
2494,252,2024-12-11
2495,166,2024-07-10
2496,434,2023-04-01
2497,319,2023-06-15
2498,407,2023-08-02
2499,324,2023-12-01
2500,331,2024-08-06
2501,303,2023-02-21
2502,149,2024-09-17
2503,283,2023-06-15
2504,39,2024-04-22
2505,271,2024-10-11
2506,149,2024-09-26
2507,350,2023-03-23
2508,121,2023-01-16
2509,49,2023-06-12
2510,264,2024-05-28
2511,283,2024-11-11
2512,151,2024-01-10
2513,241,2023-10-28
2514,378,2023-07-08
2515,36,2023-11-10
2516,319,2023-05-08
2517,246,2024-07-12
2518,147,2024-07-03
2519,222,2024-07-18
2520,418,2023-06-03
2521,274,2023-05-27
2522,375,2023-12-15
2523,427,2023-06-28
2524,242,2023-01-03
2525,400,2023-01-29
2526,463,2023-04-07
2527,500,2023-07-22
2528,371,2023-01-21
2529,232,2023-04-12
2530,480,2024-08-25
2531,42,2023-04-21
2532,332,2024-12-05
2533,279,2023-10-18
2534,333,2024-09-06
2535,387,2023-02-12
2536,243,2024-12-03
2537,208,2023-07-29
2538,34,2024-05-23
2539,251,2024-08-03
2540,427,2023-07-07
2541,395,2024-02-19
2542,331,2023-03-17
2543,227,2023-03-26
2544,35,2024-11-19
2545,486,2024-01-24
2546,201,2024-12-01
2547,380,2023-12-12
2548,365,2023-08-24
2549,29,2023-09-18
2550,64,2023-05-03
2551,46,2024-10-17
2552,312,2023-02-16
2553,443,2023-07-27
2554,251,2023-05-29
2555,435,2023-06-04
2556,412,2024-11-28
2557,303,2023-12-24
2558,422,2024-03-31
2559,138,2024-09-20
2560,342,2024-04-30
2561,45,2024-01-06
2562,327,2024-03-23
2563,369,2023-09-21
2564,424,2023-01-31
2565,327,2024-08-27
2566,288,2023-09-28
2567,349,2024-01-29
2568,306,2024-08-14
2569,435,2023-12-31
2570,97,2023-12-08
2571,469,2024-02-29
2572,424,2024-09-05
2573,27,2024-11-08
2574,110,2024-01-08
2575,182,2023-03-14
2576,160,2024-08-25
2577,152,2024-08-24
2578,244,2023-08-08
2579,365,2023-08-09
2580,344,2024-10-08
2581,350,2023-10-10
2582,351,2024-06-20
2583,384,2023-05-09
2584,37,2024-03-01
2585,97,2024-11-24
2586,182,2023-01-06
2587,303,2023-11-22
2588,392,2024-05-20
2589,334,2023-01-02
2590,29,2024-02-08
2591,425,2024-01-03
2592,167,2023-07-28
2593,241,2023-04-27
2594,20,2024-04-22
2595,115,2023-02-15
2596,391,2023-08-04
2597,134,2024-05-06
2598,26,2024-03-24
2599,10,2024-04-02
2600,384,2024-06-23
2601,122,2023-01-16
2602,381,2023-08-31
2603,133,2023-09-28
2604,349,2024-12-05
2605,382,2023-04-25
2606,453,2024-04-27
2607,82,2023-03-16
2608,161,2023-04-13
2609,452,2023-06-27
2610,294,2023-11-11
2611,251,2024-12-16
2612,150,2024-06-21
2613,105,2023-06-25
2614,333,2024-03-30
2615,123,2023-10-03
2616,249,2024-11-06
2617,98,2023-11-29
2618,168,2023-02-25
2619,35,2023-11-06
2620,188,2024-03-14
2621,49,2024-08-17
2622,400,2024-10-01
2623,240,2024-12-28
2624,331,2024-01-07
2625,422,2023-12-22
2626,82,2023-10-19
2627,134,2024-04-10
2628,200,2024-11-11
2629,210,2023-03-07
2630,346,2024-01-19
2631,28,2024-07-12
2632,150,2024-08-24
2633,251,2023-12-02
2634,277,2023-08-31
2635,416,2024-07-14
2636,82,2023-06-25
2637,343,2023-02-28
2638,349,2024-05-09
2639,441,2024-05-28
2640,49,2023-07-30
2641,426,2024-08-16
2642,220,2023-05-20
2643,264,2023-09-27
2644,243,2024-01-24
2645,386,2023-04-16
2646,247,2023-06-20
2647,90,2023-12-28
2648,376,2023-04-10
2649,438,2024-07-27
2650,453,2023-04-24
2651,369,2023-05-23
2652,177,2024-11-12
2653,18,2023-09-17
2654,322,2024-03-16
2655,43,2023-08-19
2656,134,2023-09-27
2657,485,2024-09-17
2658,312,2023-11-16
2659,25,2024-12-22
2660,454,2024-06-15
2661,412,2023-11-09
2662,118,2024-12-08
2663,234,2023-04-02
2664,134,2024-06-03
2665,273,2023-08-24
2666,327,2024-08-03
2667,483,2024-10-10
2668,32,2023-10-16
2669,166,2024-06-25
2670,119,2023-01-29
2671,409,2024-11-27
2672,147,2024-01-21
2673,487,2024-03-05
2674,279,2024-11-21
2675,82,2023-10-27
2676,72,2024-04-15
2677,160,2024-03-20
2678,72,2023-06-21
2679,58,2023-02-16
2680,459,2024-09-13
2681,258,2023-04-16
2682,360,2024-11-13
2683,207,2023-06-11
2684,330,2023-03-12
2685,65,2024-07-20
2686,167,2024-05-29
2687,255,2023-05-06
2688,427,2023-07-17
2689,401,2024-11-28
2690,443,2024-12-16
2691,233,2024-03-25
2692,142,2023-12-20
2693,236,2024-08-19
2694,322,2024-07-11
2695,331,2024-11-23
2696,134,2024-09-17
2697,197,2024-01-16
2698,178,2023-09-21
2699,438,2023-11-25
2700,99,2024-05-02
2701,429,2024-12-19
2702,14,2023-07-30
2703,7,2024-07-05
2704,327,2023-01-27
2705,251,2024-11-12
2706,380,2024-11-30
2707,367,2023-08-17
2708,374,2024-01-02
2709,488,2024-10-08
2710,308,2024-06-07
2711,200,2023-04-16
2712,323,2024-11-19
2713,235,2024-06-17
2714,377,2024-02-16
2715,339,2023-01-18
2716,110,2023-05-24
2717,354,2024-10-27
2718,244,2024-02-26
2719,161,2024-10-07
2720,404,2024-11-08
2721,2,2024-10-19
2722,308,2023-03-13
2723,319,2024-03-21
2724,140,2023-03-11
2725,415,2023-09-03
2726,470,2024-10-13
2727,327,2023-10-05
2728,449,2024-03-30
2729,76,2024-08-23
2730,320,2023-08-21
2731,96,2024-11-25
2732,121,2023-03-20
2733,253,2023-08-14
2734,363,2023-02-03
2735,64,2023-05-11
2736,39,2024-09-23
2737,426,2024-03-07
2738,327,2024-02-07
2739,53,2024-09-06
2740,172,2024-04-04
2741,332,2024-10-12
2742,161,2024-03-27
2743,392,2023-04-01
2744,5,2023-01-29
2745,443,2023-11-29
2746,277,2023-10-20
2747,141,2023-01-24
2748,225,2023-12-22
2749,499,2023-06-23
2750,425,2024-05-10
2751,160,2023-12-17
2752,134,2023-10-26
2753,210,2023-07-11
2754,354,2024-10-25
2755,6,2023-06-15
2756,426,2023-08-20
2757,76,2023-07-14
2758,333,2023-10-31
2759,25,2023-11-19
2760,328,2024-01-28
2761,320,2023-05-29
2762,409,2024-02-09
2763,424,2024-01-14
2764,232,2024-07-09
2765,258,2024-03-04
2766,342,2024-01-14
2767,40,2023-03-17
2768,409,2023-09-05
2769,285,2023-08-03
2770,425,2024-01-28
2771,467,2023-03-10
2772,27,2024-12-28
2773,477,2024-02-27
2774,332,2024-11-07
2775,488,2023-01-31
2776,273,2024-01-12
2777,9,2024-09-08
2778,9,2023-01-02
2779,337,2024-06-16
2780,195,2024-11-22
2781,285,2023-01-20
2782,270,2023-02-07
2783,339,2024-06-20
2784,273,2023-01-26
2785,260,2023-11-19
2786,332,2023-01-13
2787,119,2024-07-13
2788,77,2024-01-06
2789,331,2024-08-28
2790,36,2023-07-24
2791,18,2024-01-22
2792,319,2024-04-12
2793,273,2024-04-16
2794,375,2023-06-10
2795,67,2023-07-31
2796,288,2024-05-12
2797,147,2024-12-17
2798,426,2024-07-04
2799,474,2023-09-13
2800,42,2024-12-28
2801,39,2023-06-21
2802,65,2024-05-12
2803,10,2024-11-20
2804,320,2024-05-21
2805,449,2024-06-10
2806,133,2023-11-21
2807,134,2023-06-18
2808,386,2023-11-01
2809,222,2024-05-30
2810,311,2023-03-01
2811,161,2023-08-15
2812,80,2024-06-24
2813,384,2023-03-20
2814,274,2023-06-02
2815,99,2023-10-06
2816,279,2023-07-05
2817,283,2023-06-07
2818,425,2023-12-25
2819,194,2024-04-10
2820,265,2024-05-02
2821,231,2024-12-01
2822,371,2024-06-14
2823,135,2024-09-23
2824,260,2024-08-18
2825,290,2023-07-21
2826,389,2024-06-06
2827,171,2023-08-06
2828,87,2023-08-10
2829,172,2024-08-14
2830,350,2023-01-16
2831,290,2024-06-07
2832,166,2023-01-21
2833,477,2023-08-16
2834,157,2023-10-15
2835,138,2023-10-10
2836,384,2023-03-07
2837,37,2024-03-12
2838,14,2023-09-16
2839,264,2023-04-13
2840,191,2023-04-11
2841,113,2023-08-14
2842,307,2023-08-25
2843,426,2024-05-20
2844,438,2024-09-25
2845,240,2023-11-11
2846,452,2024-09-09
2847,151,2023-08-20
2848,134,2024-03-17
2849,102,2023-04-19
2850,307,2023-01-25
2851,179,2024-09-19
2852,288,2023-02-06
2853,354,2024-05-22
2854,249,2023-07-01
2855,342,2024-04-11
2856,109,2023-08-23
2857,500,2024-03-08
2858,399,2023-04-10
2859,372,2024-02-07
2860,76,2024-02-19
2861,339,2024-11-07
2862,382,2024-09-17
2863,101,2023-12-30
2864,14,2023-09-28
2865,330,2023-08-02
2866,464,2023-02-28
2867,404,2024-05-18
2868,486,2024-10-09
2869,438,2023-08-17
2870,382,2024-07-15
2871,18,2024-12-14
2872,321,2024-04-27
2873,90,2024-04-04
2874,89,2023-03-19
2875,273,2023-03-16
2876,19,2023-01-21
2877,378,2023-01-15
2878,70,2023-03-27
2879,266,2024-01-07
2880,168,2023-05-31
2881,215,2023-09-17
2882,32,2024-06-04
2883,113,2024-02-23
2884,28,2024-10-19
2885,28,2023-08-31
2886,157,2024-07-08
2887,78,2024-06-01
2888,283,2023-03-08
2889,438,2023-01-12
2890,105,2024-02-03
2891,311,2024-04-24
2892,56,2023-06-05
2893,225,2023-06-07
2894,405,2023-11-22
2895,166,2023-09-19
2896,146,2023-08-17
2897,45,2023-10-17
2898,500,2024-12-15
2899,330,2023-01-24
2900,138,2024-07-09
2901,42,2023-12-29
2902,36,2024-01-15
2903,3,2024-11-04
2904,281,2024-11-05
2905,387,2023-02-11
2906,147,2024-12-22
2907,177,2023-10-07
2908,349,2023-04-28
2909,63,2024-03-31
2910,138,2023-04-10
2911,389,2023-11-01
2912,151,2023-11-24
2913,210,2024-11-17
2914,10,2023-10-20
2915,402,2024-09-30
2916,232,2023-07-09
2917,219,2024-05-25
2918,323,2024-04-30
2919,490,2023-12-30
2920,225,2023-01-07
2921,266,2023-07-16
2922,290,2024-01-02
2923,218,2024-08-17
2924,331,2024-04-15
2925,446,2024-12-01
2926,120,2023-10-17
2927,287,2023-02-27
2928,272,2023-04-25
2929,316,2023-06-22
2930,401,2024-08-12
2931,40,2024-02-07
2932,443,2023-12-01
2933,190,2024-09-07
2934,55,2023-11-20
2935,289,2023-10-11
2936,336,2024-12-18
2937,120,2024-01-29
2938,254,2023-01-22
2939,76,2023-04-15
2940,252,2024-03-07
2941,272,2024-09-10
2942,194,2023-08-09
2943,467,2023-09-15
2944,459,2023-12-15
2945,289,2023-08-24
2946,333,2024-03-19
2947,316,2023-01-06
2948,101,2023-04-14
2949,405,2024-04-24
2950,386,2023-08-23
2951,220,2024-05-24
2952,298,2024-12-09
2953,46,2024-07-22
2954,39,2023-05-17
2955,72,2024-02-23
2956,476,2024-04-07
2957,178,2024-08-18
2958,352,2023-11-19
2959,200,2023-06-01
2960,215,2023-10-05
2961,395,2023-01-08
2962,14,2024-11-05
2963,394,2023-02-07
2964,294,2024-02-25
2965,218,2024-06-29
2966,282,2023-09-30
2967,442,2023-11-04
2968,372,2023-01-09
2969,195,2023-04-23
2970,369,2024-02-09
2971,176,2023-07-16
2972,18,2023-04-25
2973,277,2023-03-06
2974,37,2023-08-27
2975,39,2024-06-05
2976,339,2023-08-21
2977,232,2023-01-12
2978,436,2024-11-19
2979,22,2023-01-11
2980,222,2023-06-13
2981,277,2023-08-06
2982,42,2023-12-26
2983,235,2023-04-28
2984,252,2023-06-29
2985,333,2023-08-23
2986,407,2023-03-21
2987,434,2024-04-21
2988,485,2024-07-23
2989,362,2023-04-13
2990,281,2024-10-01
2991,76,2023-08-19
2992,457,2023-08-28
2993,247,2024-04-01
2994,251,2023-11-29
2995,343,2023-10-19
2996,425,2024-03-03
2997,135,2023-05-21
2998,326,2024-09-17
2999,306,2024-10-16
3000,82,2024-04-07
3001,31,2024-11-12
3002,336,2024-12-13
3003,100,2023-09-27
3004,115,2023-11-29
3005,367,2024-09-12
3006,414,2023-08-28
3007,28,2024-01-24
3008,89,2023-10-26
3009,18,2023-04-09
3010,443,2024-02-26
3011,276,2023-03-03
3012,378,2024-07-02
3013,418,2024-08-20
3014,40,2023-02-21
3015,380,2023-12-03
3016,496,2023-08-26
3017,270,2023-05-16
3018,244,2023-12-28
3019,244,2024-07-29
3020,438,2024-04-21
3021,306,2024-06-11
3022,31,2024-06-14
3023,281,2023-06-15
3024,234,2024-09-08
3025,379,2024-03-19
3026,426,2023-03-20
3027,106,2024-11-18
3028,222,2023-04-13
3029,386,2023-08-12
3030,151,2023-08-24
3031,252,2023-06-12
3032,189,2023-07-01
3033,46,2023-07-29
3034,223,2023-04-06
3035,266,2023-03-27
3036,375,2024-01-29
3037,438,2024-05-15
3038,392,2023-05-13
3039,218,2023-11-10
3040,65,2024-03-13
3041,151,2023-07-11
3042,145,2024-11-21
3043,105,2023-10-20
3044,284,2023-11-27
3045,319,2023-06-10
3046,34,2023-02-23
3047,314,2023-08-30
3048,500,2023-04-23
3049,20,2023-01-23
3050,452,2024-10-08
3051,33,2024-12-01
3052,231,2023-07-31
3053,198,2023-02-13
3054,350,2023-06-07
3055,469,2024-01-29
3056,260,2024-05-26
3057,28,2023-04-18
3058,201,2023-11-11
3059,469,2024-12-03
3060,333,2023-09-24
3061,332,2024-01-14
3062,289,2024-11-17
3063,458,2023-12-23
3064,319,2023-07-23
3065,65,2023-11-19
3066,258,2024-05-13
3067,231,2023-10-30
3068,101,2023-07-19
3069,151,2024-11-22
3070,220,2023-10-22
3071,82,2024-01-31
3072,34,2023-05-09
3073,225,2023-10-20
3074,443,2023-11-07
3075,17,2024-09-30
3076,282,2024-08-27
3077,108,2023-08-13
3078,489,2023-01-11
3079,22,2023-02-04
3080,407,2023-08-08
3081,455,2024-06-18
3082,199,2023-08-17
3083,28,2023-03-21
3084,438,2023-10-17
3085,403,2024-11-01
3086,426,2024-12-02
3087,425,2023-12-25
3088,486,2023-03-16
3089,376,2023-07-15
3090,119,2024-12-06
3091,473,2024-02-27
3092,35,2024-08-15
3093,374,2024-09-27
3094,418,2024-09-05
3095,205,2023-08-17
3096,290,2024-05-24
3097,55,2024-07-26
3098,121,2024-09-06
3099,434,2023-12-29
3100,442,2023-12-25
3101,365,2023-11-20
3102,98,2024-09-16
3103,291,2024-07-26
3104,151,2024-03-30
3105,484,2023-05-07
3106,342,2024-06-13
3107,378,2023-05-19
3108,188,2023-11-29
3109,258,2023-02-21
3110,147,2024-12-18
3111,161,2024-02-05
3112,28,2024-08-27
3113,160,2024-10-18
3114,180,2023-06-02
3115,231,2024-11-06
3116,411,2024-10-22
3117,291,2024-04-29
3118,194,2024-10-27
3119,292,2024-04-12
3120,249,2023-02-25
3121,438,2023-05-29
3122,480,2024-09-23
3123,151,2024-06-03
3124,299,2024-04-17
3125,336,2023-03-07
3126,377,2024-09-27
3127,273,2024-10-23
3128,233,2023-04-01
3129,368,2024-12-30
3130,143,2024-01-12
3131,250,2023-06-01
3132,351,2024-09-18
3133,426,2024-08-28
3134,225,2024-12-03
3135,57,2023-06-05
3136,387,2024-02-05
3137,247,2023-12-07
3138,312,2024-03-23
3139,407,2024-09-24
3140,255,2023-11-26
3141,65,2024-03-29
3142,449,2024-07-08
3143,102,2023-06-04
3144,386,2023-05-14
3145,343,2024-03-09
3146,372,2024-08-22
3147,309,2023-03-20
3148,273,2023-02-20
3149,171,2023-09-10
3150,333,2023-04-16
3151,387,2023-10-29
3152,87,2024-12-16
3153,35,2023-09-25
3154,290,2024-07-04
3155,243,2023-10-19
3156,72,2023-05-21
3157,282,2023-11-10
3158,35,2024-12-13
3159,452,2023-09-10
3160,39,2024-11-30
3161,346,2023-09-28
3162,400,2024-02-19
3163,352,2023-02-25
3164,151,2024-09-12
3165,449,2023-05-18
3166,98,2023-02-26
3167,427,2023-03-12
3168,105,2024-08-16
3169,179,2024-08-22
3170,240,2023-03-25
3171,236,2024-10-27
3172,76,2024-08-28
3173,68,2024-01-30
3174,291,2024-01-11
3175,244,2023-08-01
3176,379,2024-04-15
3177,171,2023-11-20
3178,185,2024-02-08
3179,76,2023-10-13
3180,157,2023-09-27
3181,438,2024-12-15
3182,33,2023-11-07
3183,427,2024-12-17
3184,146,2024-06-21
3185,25,2024-02-26
3186,333,2024-05-11
3187,381,2023-06-12
3188,172,2023-06-14
3189,283,2024-07-19
3190,215,2023-10-12
3191,286,2023-05-18
3192,400,2024-12-16
3193,346,2024-02-20
3194,292,2024-02-20
3195,368,2024-01-20
3196,201,2024-09-25
3197,220,2024-10-31
3198,16,2023-11-04
3199,126,2024-06-17
3200,251,2024-07-14
3201,402,2023-12-06
3202,288,2023-12-22
3203,126,2024-07-10
3204,43,2023-04-15
3205,243,2023-05-26
3206,412,2023-10-26
3207,9,2024-10-07
3208,40,2024-09-29
3209,138,2024-04-08
3210,161,2024-01-06
3211,36,2023-07-30
3212,378,2023-05-05
3213,312,2024-12-30
3214,399,2023-11-24
3215,41,2024-11-03
3216,426,2023-08-27
3217,252,2023-03-23
3218,8,2023-07-21
3219,197,2024-10-05
3220,337,2024-08-11
3221,467,2024-02-06
3222,442,2024-12-06
3223,72,2024-07-23
3224,54,2024-06-23
3225,330,2024-09-28
3226,376,2023-02-11
3227,346,2024-11-30
3228,379,2024-03-16
3229,371,2024-05-20
3230,290,2024-07-06
3231,308,2024-07-21
3232,3,2023-10-08
3233,90,2023-06-11
3234,500,2023-03-01
3235,33,2023-08-13
3236,78,2024-08-04
3237,34,2023-06-18
3238,287,2024-03-17
3239,480,2024-02-24
3240,317,2024-06-03
3241,182,2024-07-13
3242,277,2024-12-08
3243,330,2024-04-14
3244,313,2023-04-14
3245,77,2023-04-11
3246,249,2024-06-05
3247,28,2023-10-04
3248,273,2023-07-07
3249,374,2023-05-18
3250,394,2024-06-29
3251,405,2024-06-28
3252,289,2023-11-13
3253,185,2023-03-06
3254,49,2023-05-13
3255,253,2024-06-23
3256,473,2024-05-10
3257,98,2024-10-18
3258,283,2024-10-12
3259,323,2023-04-09
3260,283,2023-11-16
3261,403,2024-05-09
3262,472,2024-06-03
3263,188,2023-11-11
3264,94,2024-12-10
3265,28,2023-01-20
3266,407,2023-05-10
3267,66,2023-05-12
3268,283,2024-01-22
3269,362,2023-08-03
3270,403,2023-02-12
3271,389,2023-10-05
3272,120,2023-05-10
3273,31,2024-06-27
3274,119,2024-12-16
3275,474,2024-08-06
3276,463,2024-06-10
3277,277,2024-06-03
3278,465,2023-11-21
3279,76,2023-06-15
3280,319,2024-09-20
3281,161,2023-06-27
3282,59,2023-06-03
3283,279,2023-04-25
3284,421,2023-03-09
3285,274,2023-11-22
3286,36,2024-08-24
3287,241,2023-12-25
3288,452,2024-05-23
3289,313,2024-04-21
3290,323,2024-02-18
3291,497,2023-03-16
3292,330,2024-10-27
3293,126,2023-12-11
3294,472,2024-06-21
3295,133,2023-01-23
3296,365,2024-12-29
3297,94,2023-05-24
3298,76,2024-08-11
3299,273,2023-03-26
3300,189,2024-04-26
3301,426,2023-10-24
3302,256,2023-08-18
3303,98,2024-11-10
3304,357,2024-02-25
3305,387,2023-11-26
3306,179,2024-01-17
3307,467,2023-09-27
3308,113,2024-07-10
3309,424,2024-11-05
3310,277,2023-09-10
3311,277,2023-10-12
3312,460,2023-08-27
3313,382,2023-11-06
3314,54,2023-04-14
3315,3,2023-05-08
3316,283,2023-10-08
3317,126,2023-01-19
3318,427,2023-05-16
3319,331,2023-08-24
3320,28,2024-04-09
3321,152,2024-10-15
3322,426,2024-12-02
3323,449,2024-11-07
3324,29,2023-10-03
3325,120,2024-11-17
3326,219,2024-10-09
3327,342,2024-11-14
3328,317,2023-02-16
3329,409,2024-07-13
3330,26,2023-08-01
3331,425,2024-05-22
3332,317,2023-07-24
3333,333,2024-05-30
3334,332,2023-03-18
3335,369,2024-02-14
3336,179,2024-07-04
3337,240,2023-10-02
3338,28,2023-03-18
3339,27,2024-06-23
3340,387,2024-01-17
3341,175,2024-07-23
3342,311,2023-05-22
3343,343,2023-03-25
3344,36,2024-06-28
3345,386,2023-06-07
3346,76,2023-10-30
3347,14,2024-03-25
3348,137,2023-02-12
3349,247,2023-01-03
3350,253,2024-08-18
3351,205,2024-04-08
3352,234,2023-06-26
3353,354,2024-07-14
3354,283,2023-10-16
3355,477,2023-11-28
3356,331,2023-09-12
3357,238,2024-12-18
3358,449,2024-04-07
3359,253,2024-07-11
3360,303,2023-09-06
3361,288,2024-08-09
3362,82,2024-12-02
3363,414,2023-03-29
3364,24,2023-03-07
3365,277,2023-02-02
3366,465,2024-07-11
3367,182,2023-12-09
3368,438,2023-03-02
3369,253,2023-09-29
3370,213,2024-09-19
3371,404,2024-12-05
3372,135,2023-04-12
3373,78,2023-10-19
3374,304,2023-12-27
3375,251,2023-01-10
3376,197,2024-09-14
3377,134,2024-07-22
3378,98,2024-09-16
3379,213,2023-03-24
3380,200,2023-12-15
3381,198,2023-04-21
3382,1,2023-03-17
3383,344,2024-10-04
3384,10,2023-02-10
3385,157,2024-10-03
3386,360,2024-04-13
3387,22,2023-01-13
3388,39,2023-02-21
3389,126,2024-09-03
3390,410,2023-07-10
3391,427,2024-10-14
3392,314,2024-09-12
3393,36,2023-10-27
3394,490,2024-02-21
3395,3,2024-10-01
3396,408,2023-12-22
3397,308,2023-12-31
3398,246,2024-10-13
3399,457,2024-08-28
3400,247,2023-08-17
3401,429,2024-06-20
3402,395,2023-01-11
3403,332,2023-05-06
3404,464,2024-05-25
3405,220,2024-09-19
3406,396,2023-01-14
3407,113,2023-10-08
3408,247,2024-01-24
3409,170,2023-05-27
3410,258,2024-09-21
3411,252,2023-05-24
3412,405,2023-01-14
3413,290,2023-12-12
3414,452,2024-02-04
3415,10,2023-06-21
3416,241,2023-08-09
3417,66,2023-07-02
3418,190,2023-03-13
3419,270,2023-10-10
3420,458,2024-12-27
3421,210,2024-06-18
3422,320,2024-03-22
3423,122,2023-04-03
3424,97,2024-01-19
3425,457,2023-12-12
3426,376,2023-08-03
3427,146,2024-12-19
3428,252,2023-07-13
3429,332,2024-10-25
3430,309,2023-01-11
3431,319,2023-01-15
3432,24,2024-02-15
3433,42,2023-02-21
3434,382,2024-07-30
3435,65,2024-03-03
3436,173,2023-08-17
3437,419,2023-07-29
3438,333,2024-08-04
3439,7,2023-02-22
3440,500,2024-01-10
3441,317,2023-10-03
3442,176,2023-05-15
3443,18,2023-09-23
3444,283,2023-09-10
3445,235,2023-06-07
3446,119,2023-03-08
3447,232,2024-04-07
3448,78,2023-04-11
3449,452,2024-01-28
3450,8,2024-01-16
3451,303,2024-03-22
3452,389,2023-06-17
3453,283,2024-03-10
3454,233,2023-08-10
3455,386,2023-10-05
3456,157,2024-07-27
3457,89,2024-04-10
3458,160,2024-08-24
3459,290,2023-01-30
3460,80,2023-10-15
3461,5,2023-11-09
3462,105,2023-09-26
3463,391,2023-12-17
3464,149,2024-04-24
3465,320,2023-04-06
3466,121,2023-12-31
3467,37,2024-03-11
3468,333,2024-02-16
3469,474,2023-04-28
3470,412,2024-08-13
3471,412,2023-04-17
3472,177,2024-01-25
3473,176,2024-04-12
3474,374,2024-06-21
3475,432,2024-09-28
3476,353,2023-03-14
3477,317,2023-11-05
3478,427,2024-12-10
3479,382,2023-07-05
3480,136,2023-01-13
3481,411,2023-02-20
3482,218,2023-05-02
3483,43,2024-06-21
3484,473,2023-08-26
3485,389,2024-05-06
3486,227,2023-09-30
3487,487,2024-07-26
3488,177,2024-12-08
3489,126,2023-11-19
3490,310,2023-03-30
3491,273,2024-12-12
3492,291,2024-08-23
3493,383,2023-09-14
3494,91,2024-05-17
3495,149,2024-11-07
3496,387,2024-06-03
3497,149,2023-12-05
3498,213,2023-12-25
3499,281,2023-11-30
3500,455,2023-12-05
3501,97,2023-07-18
3502,384,2024-11-22
3503,400,2024-04-16
3504,449,2023-01-23
3505,151,2023-10-23
3506,426,2024-11-11
3507,317,2023-07-22
3508,51,2023-09-01
3509,8,2023-02-16
3510,469,2024-09-13
3511,243,2024-01-15
3512,170,2023-12-08
3513,146,2023-08-09
3514,427,2024-09-16
3515,469,2023-10-01
3516,291,2024-09-06
3517,25,2023-11-25
3518,442,2024-10-29
3519,255,2024-03-17
3520,381,2023-01-02
3521,412,2024-12-11
3522,313,2024-10-28
3523,414,2023-04-01
3524,256,2023-07-26
3525,80,2024-05-30
3526,426,2023-11-02
3527,459,2024-01-30
3528,179,2024-07-27
3529,146,2024-07-21
3530,25,2023-08-28
3531,458,2023-09-22
3532,146,2023-03-11
3533,410,2023-07-17
3534,2,2024-07-21
3535,378,2024-11-17
3536,26,2024-10-01
3537,201,2023-11-21
3538,65,2023-10-15
3539,331,2024-07-13
3540,36,2023-03-01
3541,386,2024-07-30
3542,315,2023-02-07
3543,27,2024-04-05
3544,72,2024-02-21
3545,283,2023-06-07
3546,426,2023-02-17
3547,160,2024-03-06
3548,290,2023-09-25
3549,369,2024-08-23
3550,34,2023-09-14
3551,80,2024-10-04
3552,78,2023-11-12
3553,199,2024-03-09
3554,330,2023-05-25
3555,240,2024-02-24
3556,215,2024-07-14
3557,24,2024-03-09
3558,417,2023-02-26
3559,256,2023-06-27
3560,76,2023-06-19
3561,282,2023-05-19
3562,208,2023-08-18
3563,339,2024-12-04
3564,24,2024-08-28
3565,58,2023-03-29
3566,469,2024-12-26
3567,132,2024-01-17
3568,258,2024-07-26
3569,114,2024-06-22
3570,378,2023-03-02
3571,376,2023-08-07
3572,43,2024-02-19
3573,120,2023-08-25
3574,29,2024-07-11
3575,497,2023-03-21
3576,27,2024-04-17
3577,283,2023-04-22
3578,277,2024-09-22
3579,264,2024-05-07
3580,65,2024-04-30
3581,253,2024-07-08
3582,393,2024-07-02
3583,332,2024-06-30
3584,270,2023-12-02
3585,490,2023-05-27
3586,490,2024-11-15
3587,366,2024-01-10
3588,438,2024-05-18
3589,151,2024-03-03
3590,285,2024-02-25
3591,101,2024-11-10
3592,215,2024-10-10
3593,304,2023-07-08
3594,49,2024-01-14
3595,343,2023-12-30
3596,166,2024-09-29
3597,314,2023-12-03
3598,39,2023-07-14
3599,208,2024-10-14
3600,308,2024-07-19
3601,90,2024-07-26
3602,291,2023-06-27
3603,319,2024-06-26
3604,42,2023-03-21
3605,15,2024-01-19
3606,369,2024-11-18
3607,409,2023-02-16
3608,291,2024-09-10
3609,409,2023-05-03
3610,14,2024-09-10
3611,143,2024-07-15
3612,321,2023-01-23
3613,253,2023-08-23
3614,120,2023-06-13
3615,269,2023-08-04
3616,90,2024-10-18
3617,40,2023-11-07
3618,201,2023-09-14
3619,414,2024-06-16
3620,350,2023-06-20
3621,171,2024-09-16
3622,39,2023-08-20
3623,244,2023-03-09
3624,225,2024-09-19
3625,253,2023-09-17
3626,283,2024-09-11
3627,173,2024-11-17
3628,442,2023-01-23
3629,161,2023-10-18
3630,97,2023-07-05
3631,116,2024-05-06
3632,424,2023-03-08
3633,116,2023-10-12
3634,6,2023-04-10
3635,65,2024-01-23
3636,247,2024-02-21
3637,192,2024-01-22
3638,424,2023-08-21
3639,146,2023-10-04
3640,418,2023-08-01
3641,443,2023-05-02
3642,151,2024-08-22
3643,270,2024-06-24
3644,500,2024-03-26
3645,231,2023-03-02
3646,178,2024-11-16
3647,256,2023-11-30
3648,317,2023-05-22
3649,449,2023-11-29
3650,434,2024-01-31
3651,333,2024-02-27
3652,188,2023-11-21
3653,24,2023-03-21
3654,14,2023-04-22
3655,227,2024-12-17
3656,426,2024-04-16
3657,9,2024-04-23
3658,7,2024-11-29
3659,195,2024-03-08
3660,244,2024-08-21
3661,366,2023-09-05
3662,473,2023-03-08
3663,438,2023-11-23
3664,53,2024-04-14
3665,351,2024-10-24
3666,299,2024-08-30
3667,39,2023-04-07
3668,425,2024-09-28
3669,339,2023-05-12
3670,417,2023-05-01
3671,65,2024-04-26
3672,125,2023-02-08
3673,182,2024-04-18
3674,291,2023-07-19
3675,420,2024-11-15
3676,14,2024-01-18
3677,387,2023-03-23
3678,412,2024-05-14
3679,289,2024-10-04
3680,181,2023-08-06
3681,273,2024-11-21
3682,472,2024-01-22
3683,369,2024-02-12
3684,425,2024-12-11
3685,152,2023-01-21
3686,57,2023-07-22
3687,251,2024-03-23
3688,354,2023-06-16
3689,102,2023-03-13
3690,231,2024-06-04
3691,162,2023-09-15
3692,389,2023-01-20
3693,495,2024-05-04
3694,473,2024-06-12
3695,394,2024-04-30
3696,467,2023-03-25
3697,357,2023-11-03
3698,303,2024-03-15
3699,336,2023-09-21
3700,283,2024-02-25
3701,247,2024-02-15
3702,275,2024-10-01
3703,409,2024-04-16
3704,18,2023-02-06
3705,54,2023-01-31
3706,272,2023-09-25
3707,195,2024-06-27
3708,153,2024-11-30
3709,24,2023-01-19
3710,470,2023-07-03
3711,76,2023-01-10
3712,166,2023-11-16
3713,84,2024-04-19
3714,463,2024-03-02
3715,457,2024-03-11
3716,375,2024-10-22
3717,368,2023-01-09
3718,58,2023-09-30
3719,264,2023-01-08
3720,122,2024-09-28
3721,281,2024-05-27
3722,245,2024-05-31
3723,371,2024-11-19
3724,57,2023-12-05
3725,409,2023-05-16
3726,8,2023-01-25
3727,375,2024-11-25
3728,339,2023-12-04
3729,399,2023-04-05
3730,449,2023-05-26
3731,424,2023-08-19
3732,98,2024-05-09
3733,190,2024-10-08
3734,313,2024-03-12
3735,93,2023-12-11
3736,424,2024-10-23
3737,139,2024-06-24
3738,178,2024-10-18
3739,459,2023-12-11
3740,98,2024-11-26
3741,294,2023-06-18
3742,374,2023-02-02
3743,279,2024-07-15
3744,215,2024-01-28
3745,244,2023-01-29
3746,380,2024-09-03
3747,24,2023-02-25
3748,182,2023-03-08
3749,421,2023-01-23
3750,457,2023-08-25
3751,65,2024-07-19
3752,446,2024-07-06
3753,243,2024-10-01
3754,119,2024-08-20
3755,350,2024-12-27
3756,58,2024-07-14
3757,178,2023-09-15
3758,394,2023-06-27
3759,76,2023-12-08
3760,299,2024-10-09
3761,381,2024-04-09
3762,98,2024-01-08
3763,339,2023-05-05
3764,76,2023-09-11
3765,24,2024-12-28
3766,424,2023-03-10
3767,272,2024-08-07
3768,341,2023-07-27
3769,371,2023-09-23
3770,435,2023-07-26
3771,386,2023-10-15
3772,291,2024-09-13
3773,479,2023-07-29
3774,280,2023-06-03
3775,465,2023-12-19
3776,477,2023-03-18
3777,150,2024-05-02
3778,466,2024-03-30
3779,304,2023-01-15
3780,258,2024-06-25
3781,387,2023-11-27
3782,86,2024-04-30
3783,368,2024-02-17
3784,36,2023-05-27
3785,438,2023-05-23
3786,65,2024-09-18
3787,425,2024-12-20
3788,196,2023-03-25
3789,363,2024-05-31
3790,380,2024-08-25
3791,291,2023-04-14
3792,27,2023-12-05
3793,290,2024-04-22
3794,283,2023-08-11
3795,42,2023-03-18
3796,210,2023-11-12
3797,157,2024-09-15
3798,28,2023-10-06
3799,123,2023-08-06
3800,72,2024-12-01
3801,490,2023-11-02
3802,232,2023-09-14
3803,6,2023-01-22
3804,295,2024-03-25
3805,72,2023-02-17
3806,238,2024-12-21
3807,465,2023-04-17
3808,407,2023-03-27
3809,72,2024-03-31
3810,222,2023-12-02
3811,438,2024-04-13
3812,279,2024-02-07
3813,337,2023-01-24
3814,314,2024-04-29
3815,68,2023-08-11
3816,168,2024-03-09
3817,313,2024-05-06
3818,9,2024-02-24
3819,78,2024-10-10
3820,409,2023-09-12
3821,240,2024-02-21
3822,294,2023-06-23
3823,149,2024-03-20
3824,313,2023-12-04
3825,104,2024-06-10
3826,39,2023-09-26
3827,225,2023-07-07
3828,434,2024-12-11
3829,321,2023-10-15
3830,399,2024-05-13
3831,46,2023-10-30
3832,191,2024-03-13
3833,360,2024-07-13
3834,457,2024-11-05
3835,17,2024-04-11
3836,327,2024-11-05
3837,243,2023-05-18
3838,251,2023-08-16
3839,438,2024-03-06
3840,467,2024-11-16
3841,228,2023-10-29
3842,458,2023-09-10
3843,346,2024-01-16
3844,121,2023-09-17
3845,313,2023-11-04
3846,110,2023-03-11
3847,426,2023-12-30
3848,98,2024-04-25
3849,24,2023-01-24
3850,250,2023-06-24
3851,54,2024-11-01
3852,368,2023-01-18
3853,146,2024-01-12
3854,235,2024-02-06
3855,241,2024-07-21
3856,208,2023-02-28
3857,146,2023-12-19
3858,333,2023-08-23
3859,295,2024-06-13
3860,219,2024-11-09
3861,365,2024-07-19
3862,249,2023-03-17
3863,467,2023-11-13
3864,243,2023-01-25
3865,231,2024-08-18
3866,234,2024-05-16
3867,438,2024-12-03
3868,336,2023-03-27
3869,351,2024-02-05
3870,253,2024-09-08
3871,298,2023-09-07
3872,374,2024-07-08
3873,252,2024-09-14
3874,424,2023-09-13
3875,415,2023-05-24
3876,20,2024-11-06
3877,57,2023-10-25
3878,352,2023-09-28
3879,420,2024-04-11
3880,269,2024-12-06
3881,303,2024-11-25
3882,132,2024-05-05
3883,105,2024-08-14
3884,9,2024-11-26
3885,322,2024-10-07
3886,216,2023-12-30
3887,101,2023-05-26
3888,490,2024-04-01
3889,7,2023-09-21
3890,392,2024-10-08
3891,467,2023-01-03
3892,317,2023-04-20
3893,10,2024-01-03
3894,223,2023-01-04
3895,225,2023-06-15
3896,379,2024-04-18
3897,289,2023-04-02
3898,294,2023-07-24
3899,412,2024-02-04
3900,220,2023-05-26
3901,177,2023-08-29
3902,273,2023-06-12
3903,244,2024-05-16
3904,258,2023-12-25
3905,359,2024-06-16
3906,439,2024-08-31
3907,121,2023-02-24
3908,384,2023-05-07
3909,25,2023-08-31
3910,173,2024-02-13
3911,409,2024-08-26
3912,266,2023-08-23
3913,339,2023-05-19
3914,283,2024-10-08
3915,3,2023-04-06
3916,387,2024-06-21
3917,59,2023-08-23
3918,331,2024-04-25
3919,241,2023-12-17
3920,92,2023-02-20
3921,176,2023-03-08
3922,426,2024-10-28
3923,324,2024-11-10
3924,86,2023-05-22
3925,372,2024-04-15
3926,312,2024-08-13
3927,149,2024-03-14
3928,54,2023-07-24
3929,308,2024-12-19
3930,255,2023-05-31
3931,293,2024-11-24
3932,449,2024-03-08
3933,74,2024-03-15
3934,72,2023-06-07
3935,497,2023-11-07
3936,336,2024-11-06
3937,87,2024-10-27
3938,313,2024-07-03
3939,446,2023-09-12
3940,454,2023-04-05
3941,415,2024-04-22
3942,139,2023-07-09
3943,438,2024-06-19
3944,65,2024-10-01
3945,313,2023-05-13
3946,17,2024-05-24
3947,20,2024-02-14
3948,465,2023-10-20
3949,488,2023-04-25
3950,147,2023-09-16
3951,452,2023-10-26
3952,455,2024-07-14
3953,457,2024-05-15
3954,14,2024-08-11
3955,360,2023-05-07
3956,317,2023-04-01
3957,247,2024-06-27
3958,243,2024-01-29
3959,180,2024-11-05
3960,166,2023-09-21
3961,422,2024-07-06
3962,350,2024-10-22
3963,152,2024-05-28
3964,291,2023-07-13
3965,152,2023-12-02
3966,147,2023-09-06
3967,358,2024-10-26
3968,368,2024-10-12
3969,43,2023-06-03
3970,45,2023-10-06
3971,209,2023-10-03
3972,146,2023-03-29
3973,343,2024-10-03
3974,422,2023-08-29
3975,330,2024-11-05
3976,281,2023-05-08
3977,389,2024-06-26
3978,152,2024-05-06
3979,446,2024-12-14
3980,143,2024-02-20
3981,404,2023-01-29
3982,251,2023-06-11
3983,414,2023-03-02
3984,392,2023-03-12
3985,407,2024-04-10
3986,218,2023-08-09
3987,438,2024-06-16
3988,44,2023-03-23
3989,151,2024-06-05
3990,283,2023-09-20
3991,485,2023-07-11
3992,467,2023-01-26
3993,358,2024-05-22
3994,378,2023-08-17
3995,359,2023-02-04
3996,253,2024-08-10
3997,72,2024-08-17
3998,90,2023-02-01
3999,453,2023-11-15
4000,404,2023-01-01
4001,204,2023-05-16
4002,134,2023-03-27
4003,290,2023-11-20
4004,146,2024-09-29
4005,227,2023-01-21
4006,477,2023-04-15
4007,7,2023-02-18
4008,412,2023-12-06
4009,303,2023-12-20
4010,65,2024-07-31
4011,350,2023-03-28
4012,160,2024-11-28
4013,317,2023-02-11
4014,260,2024-12-27
4015,207,2023-09-22
4016,377,2024-04-08
4017,247,2023-04-07
4018,235,2023-11-22
4019,28,2023-03-09
4020,135,2023-03-18
4021,244,2023-08-09
4022,482,2023-11-27
4023,178,2023-03-15
4024,98,2023-09-11
4025,54,2023-11-28
4026,225,2024-08-06
4027,471,2024-10-29
4028,314,2023-04-25
4029,240,2023-08-16
4030,378,2023-09-02
4031,349,2024-06-11
4032,398,2023-02-11
4033,336,2023-10-05
4034,184,2023-03-07
4035,374,2024-02-07
4036,88,2024-02-13
4037,400,2024-02-11
4038,325,2024-10-12
4039,490,2023-11-20
4040,160,2024-02-18
4041,65,2024-12-30
4042,422,2024-09-03
4043,133,2024-01-28
4044,296,2024-04-30
4045,478,2024-12-09
4046,400,2023-12-08
4047,34,2023-09-10
4048,474,2024-10-23
4049,231,2023-07-27
4050,58,2024-07-26
4051,332,2024-10-07
4052,290,2024-01-13
4053,54,2024-03-15
4054,395,2024-01-02
4055,145,2023-05-12
4056,47,2024-07-13
4057,49,2024-11-21
4058,95,2023-02-03
4059,221,2023-06-20
4060,346,2023-02-28
4061,474,2023-08-14
4062,266,2023-10-24
4063,466,2023-08-10
4064,208,2024-11-25
4065,407,2023-11-14
4066,241,2024-03-18
4067,319,2024-06-23
4068,405,2023-12-26
4069,135,2024-09-22
4070,330,2024-10-07
4071,488,2024-07-16
4072,68,2024-04-16
4073,42,2024-11-25
4074,164,2023-08-23
4075,35,2024-01-29
4076,161,2024-02-21
4077,282,2024-06-12
4078,465,2023-05-02
4079,183,2023-11-12
4080,70,2023-11-02
4081,188,2024-12-30
4082,218,2024-04-08
4083,383,2024-12-17
4084,161,2023-08-04
4085,295,2024-04-24
4086,98,2024-06-30
4087,463,2023-06-14
4088,218,2023-12-12
4089,146,2024-03-23
4090,469,2023-08-05
4091,171,2023-09-23
4092,409,2023-03-21
4093,10,2023-09-09
4094,374,2024-12-24
4095,49,2024-12-23
4096,176,2023-09-25
4097,371,2023-11-13
4098,435,2024-06-29
4099,43,2024-06-30
4100,195,2024-04-18
4101,290,2023-08-22
4102,480,2023-03-27
4103,240,2023-06-29
4104,110,2023-05-29
4105,283,2024-08-27
4106,54,2023-11-05
4107,355,2023-03-10
4108,45,2023-03-27
4109,76,2024-08-15
4110,182,2023-07-03
4111,16,2023-11-14
4112,185,2024-12-09
4113,205,2023-10-20
4114,309,2024-03-22
4115,225,2024-02-16
4116,484,2023-09-01
4117,141,2023-06-03
4118,48,2023-09-30
4119,486,2024-06-03
4120,400,2024-07-21
4121,270,2024-07-24
4122,383,2023-06-25
4123,21,2023-07-30
4124,9,2023-06-16
4125,314,2023-12-23
4126,317,2023-11-23
4127,33,2024-09-25
4128,51,2023-01-29
4129,308,2024-11-18
4130,82,2023-07-03
4131,240,2024-10-10
4132,317,2023-09-22
4133,16,2023-01-19
4134,182,2024-09-17
4135,401,2024-09-28
4136,244,2024-06-08
4137,447,2023-03-26
4138,478,2024-07-15
4139,396,2024-08-22
4140,98,2023-05-20
4141,415,2024-11-10
4142,352,2023-06-27
4143,414,2024-09-09
4144,147,2024-10-01
4145,135,2023-01-05
4146,24,2024-10-23
4147,93,2024-12-20
4148,236,2024-12-07
4149,318,2024-01-14
4150,151,2024-10-14
4151,427,2023-11-19
4152,227,2023-11-07
4153,39,2024-07-23
4154,426,2023-12-13
4155,49,2024-04-17
4156,352,2023-03-13
4157,287,2023-04-04
4158,117,2024-03-12
4159,65,2024-05-06
4160,290,2023-02-09
4161,252,2024-07-27
4162,91,2024-08-03
4163,405,2023-06-19
4164,396,2024-05-25
4165,161,2024-04-03
4166,188,2023-12-07
4167,396,2024-09-10
4168,82,2024-11-15
4169,94,2023-09-04
4170,9,2024-02-21
4171,381,2024-07-12
4172,374,2024-08-06
4173,253,2024-09-11
4174,241,2023-09-29
4175,27,2024-08-08
4176,289,2023-05-08
4177,177,2023-08-23
4178,443,2023-06-06
4179,28,2024-12-04
4180,424,2024-02-04
4181,133,2023-05-14
4182,321,2024-04-26
4183,333,2023-12-14
4184,429,2024-08-05
4185,54,2024-07-30
4186,255,2024-11-27
4187,378,2023-04-09
4188,253,2024-09-01
4189,87,2023-08-15
4190,80,2023-08-31
4191,279,2023-02-14
4192,308,2024-10-13
4193,414,2023-04-02
4194,341,2024-08-26
4195,187,2023-10-08
4196,253,2023-08-26
4197,315,2023-10-07
4198,472,2024-01-06
4199,399,2024-11-06
4200,309,2023-08-09
4201,427,2024-12-03
4202,210,2024-03-13
4203,463,2024-07-10
4204,425,2023-01-14
4205,251,2024-05-14
4206,425,2024-07-02
4207,135,2024-05-06
4208,219,2024-01-20
4209,196,2023-10-27
4210,200,2024-12-27
4211,384,2024-08-24
4212,26,2023-09-09
4213,177,2023-07-27
4214,378,2024-12-09
4215,254,2024-08-30
4216,452,2024-03-29
4217,65,2024-04-28
4218,151,2023-01-05
4219,3,2023-07-27
4220,65,2023-01-11
4221,25,2024-02-13
4222,429,2024-06-23
4223,141,2024-01-22
4224,188,2024-04-19
4225,339,2023-07-26
4226,151,2024-07-10
4227,333,2023-08-22
4228,94,2023-05-22
4229,427,2024-10-15
4230,136,2023-03-23
4231,343,2023-06-26
4232,351,2024-07-20
4233,457,2024-03-15
4234,72,2024-11-27
4235,105,2023-03-29
4236,472,2023-01-08
4237,378,2024-11-15
4238,449,2024-05-11
4239,283,2024-11-29
4240,471,2023-11-05
4241,242,2023-06-04
4242,317,2023-04-25
4243,10,2023-10-27
4244,160,2023-01-12
4245,28,2024-12-04
4246,438,2024-08-27
4247,346,2023-10-05
4248,333,2023-10-30
4249,225,2023-03-18
4250,53,2023-01-24
4251,463,2024-06-08
4252,21,2023-11-23
4253,386,2024-05-03
4254,132,2024-08-10
4255,40,2024-07-26
4256,68,2024-02-28
4257,467,2024-01-17
4258,98,2024-11-04
4259,499,2023-10-04
4260,72,2024-03-24
4261,177,2023-11-03
4262,172,2024-04-08
4263,479,2024-09-26
4264,375,2024-01-08
4265,205,2024-02-12
4266,161,2023-12-07
4267,438,2024-10-12
4268,365,2023-06-19
4269,26,2023-08-24
4270,145,2023-02-26
4271,258,2023-04-09
4272,251,2023-11-21
4273,80,2024-07-27
4274,400,2024-07-02
4275,240,2023-01-26
4276,262,2023-01-08
4277,244,2024-05-30
4278,225,2023-05-29
4279,330,2024-10-16
4280,14,2024-07-08
4281,399,2023-07-04
4282,76,2024-08-26
4283,70,2023-11-20
4284,472,2024-06-29
4285,438,2024-12-09
4286,65,2023-03-29
4287,333,2023-01-07
4288,188,2023-02-21
4289,405,2024-01-31
4290,55,2023-05-23
4291,473,2023-12-29
4292,332,2023-10-04
4293,82,2023-10-25
4294,346,2024-06-10
4295,201,2024-12-08
4296,389,2023-04-03
4297,336,2023-02-21
4298,447,2023-06-30
4299,349,2023-02-12
4300,285,2023-09-17
4301,449,2023-09-12
4302,152,2023-12-02
4303,244,2023-09-12
4304,151,2024-12-07
4305,500,2024-12-10
4306,346,2024-09-11
4307,197,2023-07-31
4308,120,2024-08-16
4309,387,2023-11-25
4310,49,2024-04-23
4311,252,2023-03-04
4312,72,2023-04-15
4313,401,2023-01-15
4314,341,2024-12-23
4315,74,2024-09-05
4316,231,2024-11-01
4317,333,2023-11-27
4318,283,2024-06-04
4319,210,2023-03-06
4320,333,2024-11-23
4321,365,2023-01-30
4322,76,2024-05-06
4323,263,2024-02-03
4324,39,2024-11-26
4325,330,2024-10-21
4326,213,2024-08-21
4327,452,2024-10-02
4328,303,2023-05-27
4329,133,2024-08-06
4330,486,2024-02-14
4331,43,2023-09-28
4332,331,2023-09-10
4333,499,2023-04-17
4334,306,2024-10-19
4335,14,2024-06-29
4336,403,2023-03-30
4337,429,2023-08-19
4338,240,2023-09-03
4339,343,2023-10-05
4340,446,2024-11-08
4341,233,2024-09-10
4342,290,2024-01-29
4343,273,2024-01-30
4344,314,2023-10-07
4345,240,2023-04-11
4346,288,2024-04-01
4347,283,2023-04-08
4348,172,2024-12-11
4349,308,2023-09-07
4350,119,2024-01-30
4351,387,2024-11-28
4352,126,2023-03-19
4353,54,2023-09-10
4354,256,2024-04-18
4355,76,2023-04-19
4356,260,2024-04-11
4357,234,2023-07-06
4358,449,2023-08-31
4359,290,2024-06-05
4360,9,2024-06-24
4361,92,2024-06-18
4362,17,2024-04-11
4363,469,2023-09-23
4364,279,2023-11-07
4365,120,2023-05-15
4366,87,2024-06-26
4367,72,2023-06-05
4368,76,2023-05-27
4369,72,2023-01-20
4370,500,2024-07-08
4371,91,2024-02-05
4372,190,2023-01-28
4373,236,2024-06-17
4374,40,2023-04-11
4375,315,2023-12-19
4376,240,2023-10-23
4377,400,2023-05-10
4378,8,2023-03-15
4379,6,2023-03-31
4380,474,2024-12-12
4381,253,2023-12-14
4382,200,2024-08-20
4383,180,2024-04-25
4384,149,2023-06-14
4385,452,2024-12-04
4386,273,2024-02-28
4387,330,2023-12-30
4388,161,2023-09-07
4389,417,2024-06-28
4390,18,2023-06-14
4391,449,2023-10-19
4392,176,2023-10-13
4393,433,2024-06-07
4394,320,2024-10-25
4395,201,2023-07-07
4396,240,2024-08-25
4397,378,2024-03-31
4398,250,2023-03-12
4399,256,2023-05-10
4400,39,2024-06-03
4401,240,2024-09-14
4402,313,2024-06-18
4403,160,2024-06-10
4404,28,2023-04-25
4405,18,2024-05-19
4406,76,2023-11-21
4407,63,2023-06-24
4408,359,2023-06-21
4409,104,2024-05-16
4410,393,2023-10-11
4411,472,2024-04-02
4412,119,2024-09-05
4413,182,2024-02-13
4414,236,2024-07-12
4415,54,2023-06-07
4416,281,2023-08-23
4417,405,2023-09-14
4418,17,2024-08-19
4419,227,2023-02-16
4420,146,2024-05-01
4421,265,2023-12-08
4422,233,2024-05-17
4423,358,2023-05-24
4424,479,2024-08-07
4425,157,2023-09-27
4426,192,2023-08-10
4427,426,2024-06-21
4428,82,2024-06-24
4429,294,2024-01-27
4430,10,2024-09-09
4431,374,2023-11-05
4432,54,2023-07-05
4433,447,2023-09-30
4434,277,2023-08-12
4435,201,2023-01-20
4436,231,2024-12-06
4437,272,2023-07-29
4438,65,2023-04-03
4439,386,2023-08-20
4440,192,2024-09-06
4441,497,2024-09-13
4442,381,2023-01-20
4443,235,2023-05-13
4444,281,2023-02-03
4445,61,2023-07-18
4446,230,2023-06-04
4447,22,2023-06-21
4448,333,2024-02-24
4449,176,2023-08-28
4450,195,2024-06-19
4451,497,2023-08-04
4452,36,2023-02-23
4453,70,2023-07-22
4454,222,2023-07-17
4455,424,2023-11-05
4456,195,2023-11-28
4457,333,2023-06-15
4458,277,2024-01-18
4459,338,2024-05-17
4460,162,2024-09-07
4461,457,2023-06-18
4462,303,2024-02-22
4463,291,2023-05-05
4464,438,2024-09-03
4465,374,2024-06-14
4466,277,2023-09-11
4467,243,2024-10-22
4468,32,2024-11-19
4469,253,2023-07-02
4470,73,2023-03-29
4471,258,2023-02-15
4472,499,2024-06-14
4473,317,2024-08-28
4474,273,2023-02-15
4475,317,2024-07-11
4476,369,2024-08-19
4477,236,2023-01-03
4478,249,2023-06-06
4479,200,2024-05-25
4480,68,2024-11-17
4481,43,2024-05-01
4482,458,2024-07-24
4483,76,2023-08-27
4484,185,2024-08-29
4485,86,2023-11-30
4486,308,2023-12-28
4487,466,2023-04-07
4488,178,2023-01-16
4489,201,2024-01-11
4490,371,2024-09-11
4491,240,2023-09-17
4492,44,2023-07-15
4493,227,2024-04-19
4494,486,2024-06-27
4495,166,2024-06-04
4496,273,2023-07-19
4497,303,2024-08-21
4498,283,2024-08-10
4499,210,2024-10-14
4500,191,2024-08-18
4501,208,2024-07-13
4502,322,2024-06-25
4503,350,2023-05-20
4504,290,2023-10-09
4505,240,2023-12-26
4506,18,2023-05-14
4507,120,2023-04-14
4508,415,2024-12-29
4509,480,2023-08-29
4510,375,2024-08-23
4511,24,2023-10-20
4512,333,2024-05-19
4513,77,2023-03-28
4514,309,2024-09-29
4515,486,2023-05-21
4516,126,2023-08-14
4517,51,2023-10-21
4518,317,2023-09-11
4519,401,2024-12-01
4520,350,2024-06-29
4521,382,2023-08-16
4522,225,2024-04-27
4523,176,2023-12-09
4524,170,2024-03-14
4525,120,2023-05-13
4526,463,2024-06-23
4527,290,2024-04-08
4528,227,2023-12-09
4529,6,2023-09-20
4530,389,2024-05-23
4531,180,2023-06-19
4532,292,2024-03-23
4533,317,2024-05-16
4534,149,2024-01-14
4535,247,2023-09-07
4536,471,2024-08-23
4537,336,2023-05-17
4538,375,2024-11-08
4539,240,2023-12-09
4540,56,2023-11-17
4541,227,2024-06-15
4542,83,2024-05-06
4543,182,2023-03-18
4544,331,2024-02-16
4545,149,2023-07-20
4546,332,2024-12-20
4547,251,2023-01-12
4548,352,2024-08-12
4549,420,2024-08-30
4550,411,2023-09-30
4551,251,2024-11-21
4552,346,2023-05-12
4553,255,2023-11-15
4554,279,2024-09-12
4555,483,2024-02-01
4556,292,2024-04-24
4557,454,2024-08-13
4558,143,2024-01-04
4559,241,2024-06-29
4560,291,2024-05-10
4561,168,2024-06-15
4562,80,2023-03-10
4563,304,2024-09-05
4564,459,2023-05-25
4565,39,2024-01-20
4566,146,2024-03-29
4567,48,2023-12-16
4568,24,2024-02-11
4569,349,2024-02-07
4570,436,2023-03-28
4571,283,2023-02-11
4572,437,2023-07-15
4573,407,2023-03-03
4574,500,2024-12-11
4575,199,2023-01-26
4576,139,2024-06-14
4577,418,2024-06-15
4578,281,2024-04-08
4579,303,2024-10-23
4580,375,2024-06-05
4581,490,2023-09-21
4582,240,2023-10-01
4583,146,2023-06-21
4584,336,2023-01-26
4585,280,2024-04-20
4586,471,2023-02-03
4587,459,2024-11-25
4588,54,2024-07-19
4589,177,2024-09-22
4590,162,2024-02-11
4591,121,2024-08-21
4592,306,2023-02-22
4593,409,2024-04-20
4594,376,2023-12-26
4595,252,2024-12-06
4596,155,2024-09-11
4597,18,2024-03-22
4598,440,2024-04-19
4599,279,2024-03-02
4600,280,2024-10-25
4601,377,2024-03-07
4602,281,2024-12-19
4603,369,2024-01-12
4604,359,2023-12-24
4605,253,2024-01-05
4606,379,2023-10-30
4607,182,2024-01-24
4608,321,2023-04-28
4609,485,2023-12-18
4610,24,2024-10-25
4611,241,2024-10-19
4612,46,2024-01-29
4613,354,2024-09-14
4614,58,2024-09-19
4615,161,2023-09-08
4616,409,2023-05-30
4617,218,2023-04-30
4618,281,2023-12-17
4619,180,2024-10-24
4620,70,2024-05-28
4621,462,2023-12-31
4622,409,2024-08-03
4623,266,2023-09-04
4624,357,2023-09-25
4625,285,2024-09-15
4626,182,2023-03-03
4627,231,2024-10-09
4628,289,2023-10-30
4629,442,2024-04-22
4630,333,2023-06-09
4631,226,2023-07-24
4632,368,2024-01-03
4633,313,2024-07-20
4634,470,2023-01-17
4635,283,2024-11-30
4636,281,2023-11-04
4637,145,2024-02-16
4638,290,2023-06-03
4639,255,2023-10-31
4640,257,2024-02-06
4641,467,2023-07-21
4642,105,2024-08-03
4643,18,2024-06-16
4644,375,2024-08-29
4645,275,2023-08-17
4646,233,2023-08-24
4647,330,2023-12-19
4648,331,2024-09-28
4649,464,2023-09-18
4650,177,2023-05-04
4651,230,2023-07-20
4652,52,2024-04-06
4653,387,2023-02-09
4654,121,2023-04-03
4655,156,2024-01-14
4656,89,2023-03-06
4657,67,2024-04-28
4658,151,2023-01-24
4659,18,2024-05-05
4660,319,2023-01-20
4661,106,2024-12-30
4662,309,2024-03-07
4663,293,2024-05-29
4664,240,2024-02-19
4665,82,2024-10-27
4666,344,2023-02-03
4667,252,2023-04-30
4668,372,2024-08-03
4669,176,2023-03-30
4670,415,2024-11-22
4671,424,2024-01-12
4672,420,2024-10-28
4673,414,2023-11-14
4674,473,2024-11-16
4675,303,2023-12-17
4676,438,2024-02-02
4677,438,2024-12-18
4678,464,2024-05-15
4679,80,2024-08-01
4680,350,2024-04-04
4681,135,2024-06-05
4682,467,2024-02-01
4683,3,2023-10-15
4684,312,2024-06-19
4685,249,2023-06-17
4686,400,2024-03-03
4687,42,2023-12-21
4688,225,2024-12-17
4689,150,2024-11-24
4690,249,2023-01-11
4691,442,2024-01-31
4692,146,2024-02-13
4693,255,2023-01-03
4694,383,2024-10-24
4695,250,2024-04-16
4696,210,2023-05-14
4697,321,2024-01-15
4698,65,2023-08-24
4699,188,2023-01-13
4700,424,2024-07-12
4701,357,2024-02-09
4702,134,2023-06-08
4703,264,2023-04-20
4704,151,2024-06-09
4705,172,2024-09-27
4706,366,2023-04-21
4707,171,2024-03-06
4708,407,2023-03-31
4709,136,2024-08-17
4710,495,2023-12-26
4711,65,2023-08-03
4712,389,2023-09-16
4713,184,2023-04-30
4714,409,2023-05-08
4715,398,2024-11-18
4716,158,2023-11-16
4717,177,2023-02-19
4718,173,2023-03-10
4719,383,2023-01-16
4720,219,2024-07-21
4721,188,2024-07-13
4722,285,2024-09-14
4723,500,2023-12-15
4724,279,2023-12-23
4725,369,2024-09-24
4726,465,2023-08-21
4727,374,2024-04-06
4728,317,2024-07-21
4729,231,2023-04-24
4730,277,2023-06-23
4731,253,2023-10-04
4732,246,2024-05-16
4733,449,2024-05-23
4734,13,2023-03-08
4735,467,2024-04-28
4736,17,2024-02-21
4737,269,2023-01-27
4738,194,2023-09-05
4739,379,2023-04-06
4740,386,2023-11-18
4741,374,2024-06-12
4742,227,2024-08-02
4743,149,2023-10-21
4744,365,2024-05-27
4745,213,2023-06-29
4746,313,2023-08-23
4747,405,2023-12-03
4748,469,2024-06-22
4749,143,2023-04-01
4750,439,2023-01-05
4751,240,2023-08-07
4752,36,2024-08-04
4753,424,2023-11-02
4754,190,2023-07-26
4755,351,2023-04-22
4756,452,2023-10-12
4757,72,2023-08-09
4758,328,2023-04-27
4759,309,2023-03-11
4760,252,2024-10-05
4761,351,2024-03-18
4762,424,2024-05-18
4763,220,2024-11-18
4764,500,2024-09-03
4765,438,2023-02-26
4766,333,2023-05-24
4767,232,2024-04-03
4768,199,2024-07-20
4769,109,2023-06-05
4770,359,2024-11-29
4771,80,2024-12-23
4772,288,2024-10-25
4773,27,2023-03-01
4774,273,2023-03-07
4775,407,2023-04-16
4776,306,2024-11-18
4777,328,2023-02-11
4778,27,2023-07-23
4779,36,2023-10-09
4780,294,2023-04-20
4781,457,2023-02-18
4782,92,2024-10-10
4783,303,2024-12-11
4784,283,2024-06-02
4785,454,2023-03-08
4786,337,2023-08-01
4787,469,2024-09-04
4788,368,2024-11-27
4789,372,2023-08-02
4790,161,2024-09-29
4791,7,2024-05-30
4792,264,2023-06-25
4793,227,2024-08-25
4794,424,2024-12-03
4795,168,2023-05-18
4796,9,2023-12-16
4797,132,2023-11-05
4798,312,2024-04-04
4799,77,2023-01-20
4800,381,2024-10-08
4801,253,2024-04-21
4802,331,2023-01-16
4803,72,2024-10-07
4804,280,2023-05-13
4805,119,2024-04-26
4806,306,2023-11-01
4807,490,2023-01-25
4808,392,2024-07-24
4809,320,2023-10-03
4810,414,2024-12-22
4811,458,2024-03-02
4812,354,2024-07-19
4813,166,2023-12-08
4814,371,2023-10-31
4815,82,2023-04-22
4816,87,2024-12-03
4817,134,2023-10-06
4818,479,2023-01-13
4819,25,2024-09-08
4820,292,2023-06-30
4821,76,2024-01-12
4822,247,2023-06-17
4823,160,2023-01-16
4824,98,2023-09-10
4825,146,2024-02-13
4826,414,2024-08-15
4827,496,2024-05-12
4828,349,2024-02-09
4829,247,2023-05-12
4830,261,2023-05-12
4831,147,2023-01-30
4832,459,2023-01-04
4833,160,2023-08-25
4834,205,2024-06-17
4835,371,2024-03-21
4836,84,2023-08-18
4837,312,2024-01-24
4838,484,2024-07-16
4839,39,2023-12-04
4840,49,2023-06-24
4841,341,2024-04-20
4842,317,2023-06-12
4843,49,2024-01-02
4844,6,2023-07-18
4845,241,2023-10-23
4846,330,2023-08-27
4847,199,2023-01-06
4848,415,2024-03-28
4849,308,2024-01-21
4850,36,2023-04-28
4851,120,2024-08-16
4852,470,2023-01-12
4853,288,2023-10-21
4854,93,2023-03-19
4855,317,2024-09-05
4856,308,2024-11-13
4857,283,2023-03-23
4858,352,2023-07-28
4859,121,2024-08-18
4860,253,2023-10-31
4861,155,2024-05-16
4862,227,2024-05-04
4863,265,2024-07-12
4864,467,2023-04-01
4865,161,2024-12-30
4866,252,2023-07-23
4867,484,2023-01-02
4868,492,2024-07-22
4869,374,2023-02-27
4870,464,2024-05-07
4871,126,2023-03-16
4872,236,2024-01-06
4873,314,2024-08-12
4874,391,2023-10-31
4875,311,2023-06-13
4876,197,2024-01-10
4877,399,2023-09-11
4878,188,2023-07-10
4879,227,2024-01-10
4880,20,2024-09-09
4881,414,2024-06-14
4882,55,2024-04-19
4883,375,2024-01-17
4884,332,2023-04-03
4885,331,2024-04-12
4886,273,2023-05-13
4887,398,2023-11-10
4888,417,2024-06-03
4889,306,2023-09-25
4890,283,2024-08-25
4891,193,2024-02-14
4892,443,2024-11-10
4893,264,2023-09-28
4894,231,2024-06-06
4895,76,2023-03-06
4896,28,2023-09-29
4897,200,2023-12-28
4898,367,2023-07-28
4899,145,2023-07-05
4900,471,2024-04-08
4901,289,2023-06-20
4902,68,2024-06-13
4903,238,2024-07-25
4904,94,2023-03-09
4905,201,2024-07-05
4906,333,2024-07-31
4907,65,2024-01-03
4908,371,2023-08-25
4909,76,2023-10-13
4910,270,2024-01-11
4911,98,2023-03-17
4912,14,2024-09-21
4913,25,2023-03-02
4914,204,2024-07-16
4915,138,2024-11-09
4916,376,2024-01-04
4917,253,2024-01-10
4918,49,2023-07-12
4919,425,2023-12-23
4920,350,2024-02-26
4921,82,2024-07-04
4922,240,2024-08-28
4923,36,2024-11-18
4924,457,2024-02-20
4925,183,2024-11-18
4926,436,2024-01-14
4927,499,2023-03-05
4928,351,2023-03-07
4929,337,2024-08-21
4930,153,2024-03-28
4931,465,2024-12-17
4932,313,2023-06-27
4933,400,2023-12-10
4934,272,2023-07-21
4935,42,2023-07-13
4936,342,2023-02-04
4937,283,2023-08-09
4938,106,2023-12-19
4939,80,2024-05-08
4940,256,2023-04-27
4941,457,2023-06-24
4942,467,2023-10-22
4943,331,2024-06-01
4944,291,2023-02-05
4945,149,2023-08-21
4946,313,2024-05-11
4947,378,2023-02-13
4948,121,2024-04-14
4949,395,2024-03-29
4950,352,2023-11-29
4951,332,2024-04-14
4952,227,2024-01-11
4953,72,2024-09-11
4954,35,2023-03-12
4955,255,2024-08-29
4956,275,2023-12-03
4957,36,2023-10-03
4958,14,2023-01-03
4959,247,2023-08-12
4960,166,2024-01-20
4961,419,2023-08-29
4962,53,2023-07-14
4963,227,2023-11-02
4964,387,2024-02-14
4965,290,2024-07-05
4966,281,2024-05-09
4967,394,2024-01-08
4968,274,2024-01-11
4969,403,2023-05-22
4970,89,2023-02-15
4971,467,2023-08-26
4972,200,2024-07-26
4973,72,2024-08-20
4974,427,2024-10-01
4975,126,2023-06-27
4976,270,2023-11-03
4977,152,2023-12-22
4978,325,2023-10-27
4979,389,2023-10-12
4980,281,2024-09-13
4981,81,2024-08-22
4982,290,2024-06-21
4983,98,2023-03-01
4984,251,2023-03-16
4985,379,2024-03-23
4986,395,2023-10-02
4987,314,2023-08-03
4988,277,2023-11-25
4989,176,2023-05-06
4990,387,2024-07-03
4991,20,2023-06-21
4992,280,2023-09-02
4993,149,2023-10-25
4994,199,2023-11-30
4995,172,2024-12-17
4996,463,2023-11-28
4997,197,2024-10-03
4998,266,2024-07-09
4999,303,2023-07-23
5000,141,2023-09-14
